ticket_id,client_id,status,created_date
1,558,Resolved,2023-02-21
2,1036,Resolved,2024-08-17
3,742,Pending,2023-12-07
4,462,Resolved,2024-11-30
5,1649,Resolved,2024-06-08
6,1184,Resolved,2024-12-31
7,1959,Pending,2023-01-17
8,1763,Pending,2023-08-30
9,977,Pending,2023-12-06
10,695,Pending,2024-10-31
11,567,Resolved,2024-11-08
12,266,Resolved,2024-10-12
13,547,Resolved,2024-02-15
14,80,Resolved,2023-10-21
15,518,Resolved,2023-01-28
16,1663,Resolved,2024-02-14
17,1092,Resolved,2023-12-25
18,702,Resolved,2024-11-03
19,244,Resolved,2024-02-20
20,9,Resolved,2023-07-01
21,1181,Pending,2024-10-28
22,1607,Resolved,2024-12-26
23,464,Pending,2023-12-06
24,646,Resolved,2023-12-19
25,1324,Resolved,2023-03-10
26,1344,Resolved,2024-04-21
27,249,Resolved,2023-11-21
28,323,Pending,2024-05-08
29,556,Resolved,2023-10-22
30,1652,Pending,2023-07-28
31,1486,Resolved,2023-06-06
32,1422,Resolved,2023-03-16
33,393,Resolved,2023-10-14
34,1252,Resolved,2023-08-19
35,919,Resolved,2024-07-30
36,569,Resolved,2023-09-28
37,244,Pending,2023-03-24
38,1081,Resolved,2024-08-08
39,1167,Resolved,2023-09-22
40,192,Pending,2023-09-26
41,519,Resolved,2023-10-28
42,1428,Resolved,2023-03-31
43,960,Resolved,2023-12-26
44,1299,Pending,2023-10-27
45,1670,Resolved,2023-01-02
46,1971,Resolved,2024-02-17
47,1063,Pending,2023-06-25
48,193,Pending,2023-05-05
49,327,Resolved,2024-12-27
50,483,Pending,2024-08-01
51,25,Pending,2023-06-27
52,102,Resolved,2023-01-05
53,663,Resolved,2024-12-14
54,217,Pending,2023-04-27
55,742,Resolved,2024-03-06
56,1978,Resolved,2024-01-25
57,267,Pending,2024-04-23
58,162,Pending,2024-04-15
59,287,Resolved,2023-12-16
60,678,Resolved,2023-03-25
61,886,Resolved,2024-08-23
62,1906,Resolved,2023-08-15
63,247,Pending,2024-03-28
64,174,Resolved,2024-03-22
65,1420,Resolved,2023-04-21
66,1033,Pending,2023-11-19
67,909,Resolved,2024-06-07
68,1472,Resolved,2024-06-22
69,1018,Resolved,2023-04-15
70,788,Resolved,2023-03-27
71,1595,Resolved,2024-05-17
72,597,Resolved,2024-05-20
73,662,Resolved,2023-06-05
74,1345,Pending,2024-12-11
75,1596,Resolved,2024-05-10
76,1149,Resolved,2024-01-21
77,41,Resolved,2024-10-10
78,337,Resolved,2024-04-07
79,1709,Resolved,2024-06-26
80,1796,Pending,2024-11-06
81,326,Resolved,2023-04-23
82,1709,Resolved,2024-03-21
83,1210,Resolved,2023-10-14
84,1265,Resolved,2023-07-20
85,1363,Pending,2024-01-14
86,1118,Pending,2024-05-27
87,919,Resolved,2024-12-23
88,1440,Pending,2023-09-22
89,1087,Resolved,2023-07-07
90,1016,Resolved,2023-12-23
91,733,Pending,2023-08-29
92,520,Resolved,2023-07-12
93,1749,Resolved,2023-04-20
94,1233,Resolved,2024-05-13
95,1233,Resolved,2024-09-14
96,1400,Resolved,2023-03-06
97,85,Pending,2023-03-06
98,207,Resolved,2023-11-13
99,1371,Resolved,2023-04-05
100,1689,Resolved,2024-04-03
101,161,Resolved,2024-12-09
102,450,Pending,2024-01-30
103,116,Pending,2023-07-15
104,362,Pending,2024-07-03
105,1275,Resolved,2023-02-08
106,912,Pending,2023-05-29
107,183,Resolved,2024-01-11
108,676,Resolved,2024-11-06
109,1352,Pending,2024-01-01
110,592,Resolved,2024-03-31
111,1031,Resolved,2023-10-03
112,1861,Pending,2024-07-08
113,1623,Pending,2024-05-24
114,1544,Resolved,2023-08-26
115,1411,Pending,2024-02-09
116,931,Pending,2023-06-12
117,1394,Pending,2023-11-16
118,1572,Resolved,2024-09-10
119,763,Pending,2024-09-08
120,612,Pending,2023-03-10
121,79,Resolved,2023-04-19
122,1822,Resolved,2023-06-29
123,1807,Resolved,2023-05-12
124,1245,Resolved,2024-06-02
125,1732,Pending,2024-03-30
126,1762,Resolved,2024-02-12
127,1623,Resolved,2024-10-22
128,1594,Pending,2023-07-04
129,1436,Resolved,2024-04-01
130,1503,Resolved,2024-05-19
131,682,Resolved,2024-10-29
132,1121,Resolved,2024-05-24
133,1682,Pending,2023-10-17
134,1925,Pending,2023-09-02
135,393,Resolved,2023-02-07
136,468,Pending,2023-04-25
137,870,Resolved,2024-05-12
138,1395,Resolved,2023-12-03
139,1417,Resolved,2024-04-03
140,18,Pending,2023-04-29
141,1208,Resolved,2024-10-05
142,1167,Resolved,2023-02-25
143,1487,Resolved,2024-02-28
144,1531,Resolved,2023-04-30
145,1358,Pending,2023-02-19
146,62,Resolved,2023-12-31
147,163,Pending,2024-01-08
148,552,Resolved,2023-12-28
149,179,Pending,2023-03-23
150,1259,Pending,2024-07-14
151,1916,Resolved,2023-02-17
152,1084,Resolved,2024-10-07
153,1252,Pending,2023-08-26
154,239,Pending,2024-01-17
155,568,Resolved,2024-01-24
156,746,Resolved,2023-12-01
157,84,Pending,2024-11-15
158,1739,Resolved,2024-10-18
159,1065,Resolved,2023-07-06
160,438,Pending,2023-04-30
161,529,Pending,2024-11-26
162,105,Pending,2023-12-23
163,537,Resolved,2023-12-29
164,382,Pending,2024-08-13
165,1117,Resolved,2023-06-12
166,1239,Resolved,2023-01-08
167,1929,Resolved,2024-09-02
168,1720,Pending,2023-11-13
169,217,Resolved,2023-01-27
170,489,Pending,2023-10-03
171,151,Pending,2024-04-16
172,1398,Resolved,2024-12-16
173,1794,Pending,2024-11-02
174,813,Pending,2024-04-21
175,631,Resolved,2023-06-27
176,1473,Resolved,2024-12-04
177,422,Resolved,2024-07-05
178,646,Resolved,2023-12-26
179,1968,Pending,2023-08-24
180,1964,Resolved,2023-02-02
181,207,Pending,2024-06-24
182,775,Pending,2024-06-28
183,834,Resolved,2023-04-10
184,1726,Resolved,2024-10-18
185,1694,Resolved,2023-11-26
186,1501,Resolved,2023-03-06
187,588,Resolved,2023-05-02
188,564,Resolved,2024-07-08
189,226,Resolved,2024-12-21
190,1630,Resolved,2024-04-20
191,804,Pending,2023-05-07
192,1827,Resolved,2023-07-05
193,1858,Resolved,2023-04-01
194,690,Resolved,2024-07-08
195,1411,Resolved,2023-02-15
196,106,Resolved,2023-01-25
197,1100,Resolved,2024-12-07
198,516,Resolved,2023-12-15
199,1847,Resolved,2024-09-02
200,948,Resolved,2024-03-10
201,187,Resolved,2023-11-26
202,1991,Resolved,2023-10-21
203,532,Pending,2023-09-03
204,275,Resolved,2023-06-15
205,1672,Resolved,2023-09-14
206,1987,Pending,2023-12-18
207,539,Pending,2023-07-08
208,1999,Pending,2024-11-28
209,648,Resolved,2024-11-24
210,18,Resolved,2023-10-02
211,285,Resolved,2023-02-03
212,1326,Pending,2024-12-19
213,1523,Pending,2024-07-09
214,932,Resolved,2024-05-04
215,1923,Resolved,2024-05-13
216,1014,Resolved,2023-09-02
217,905,Resolved,2023-09-11
218,650,Pending,2023-04-19
219,1768,Resolved,2023-11-19
220,852,Resolved,2023-04-24
221,1986,Pending,2024-04-29
222,257,Resolved,2023-10-05
223,1243,Resolved,2023-01-29
224,644,Resolved,2024-02-02
225,1968,Resolved,2023-08-10
226,357,Resolved,2023-11-14
227,256,Resolved,2023-09-28
228,608,Resolved,2024-02-02
229,1298,Resolved,2024-03-26
230,334,Resolved,2024-08-31
231,1837,Pending,2023-12-09
232,1392,Resolved,2024-01-16
233,15,Resolved,2024-01-11
234,179,Resolved,2023-12-06
235,1469,Resolved,2023-01-07
236,1796,Resolved,2023-09-30
237,1427,Pending,2023-10-15
238,88,Resolved,2024-12-17
239,94,Resolved,2023-07-03
240,845,Resolved,2024-07-23
241,1419,Pending,2024-09-14
242,28,Pending,2023-07-05
243,697,Resolved,2024-10-04
244,75,Resolved,2024-08-23
245,54,Resolved,2024-04-24
246,321,Pending,2024-09-21
247,1583,Resolved,2023-09-14
248,760,Resolved,2024-05-18
249,1258,Resolved,2023-04-20
250,630,Resolved,2024-08-01
251,1796,Resolved,2023-05-28
252,1254,Resolved,2023-08-02
253,1826,Pending,2024-07-27
254,1777,Resolved,2024-07-21
255,332,Resolved,2024-03-12
256,1718,Resolved,2023-11-30
257,1496,Resolved,2024-03-04
258,317,Resolved,2023-04-06
259,101,Pending,2024-10-19
260,248,Resolved,2023-02-17
261,1504,Pending,2023-10-05
262,861,Resolved,2023-07-22
263,870,Resolved,2023-07-18
264,1649,Resolved,2024-05-22
265,221,Pending,2023-11-25
266,1363,Resolved,2023-05-04
267,148,Resolved,2023-07-19
268,1013,Resolved,2023-03-16
269,1923,Resolved,2023-06-06
270,1320,Resolved,2023-05-14
271,1733,Resolved,2023-11-08
272,1431,Pending,2023-04-30
273,581,Resolved,2023-01-12
274,478,Resolved,2024-09-11
275,1824,Pending,2024-06-28
276,1048,Resolved,2023-04-30
277,1905,Resolved,2023-03-24
278,1971,Pending,2024-11-23
279,883,Resolved,2023-08-16
280,1210,Resolved,2023-07-05
281,170,Resolved,2023-07-30
282,1827,Resolved,2023-02-12
283,1568,Resolved,2024-05-23
284,438,Resolved,2023-03-14
285,1017,Resolved,2023-01-19
286,301,Resolved,2023-06-14
287,688,Pending,2023-09-24
288,1388,Resolved,2024-03-15
289,1878,Pending,2023-05-08
290,988,Resolved,2024-03-28
291,1201,Resolved,2023-10-28
292,1826,Resolved,2023-11-14
293,144,Resolved,2024-10-15
294,523,Resolved,2023-02-03
295,1505,Pending,2023-04-08
296,1516,Resolved,2023-07-29
297,1510,Resolved,2023-11-12
298,659,Resolved,2023-11-16
299,1884,Resolved,2024-12-10
300,1949,Resolved,2024-03-10
301,485,Pending,2023-09-13
302,822,Resolved,2024-07-07
303,1461,Resolved,2024-02-09
304,195,Resolved,2024-09-07
305,466,Pending,2024-03-29
306,978,Resolved,2023-07-08
307,1100,Resolved,2024-07-27
308,1184,Resolved,2024-01-23
309,490,Resolved,2023-05-23
310,100,Pending,2023-08-10
311,116,Resolved,2024-03-15
312,380,Pending,2024-06-15
313,1619,Resolved,2023-10-07
314,824,Resolved,2023-09-05
315,63,Resolved,2023-04-26
316,132,Pending,2024-02-09
317,1272,Resolved,2023-09-12
318,395,Resolved,2023-10-24
319,643,Pending,2024-06-08
320,1435,Resolved,2024-07-11
321,1903,Resolved,2023-11-30
322,976,Pending,2023-03-12
323,1452,Resolved,2023-02-28
324,914,Pending,2024-12-16
325,670,Resolved,2023-02-20
326,728,Resolved,2023-01-16
327,1350,Resolved,2024-05-18
328,1967,Resolved,2023-02-20
329,546,Resolved,2023-05-08
330,375,Resolved,2023-06-19
331,844,Pending,2024-08-02
332,298,Pending,2024-09-24
333,1303,Resolved,2023-06-29
334,996,Resolved,2023-11-24
335,296,Resolved,2024-12-03
336,1551,Resolved,2023-10-28
337,115,Pending,2023-09-08
338,2000,Resolved,2024-06-01
339,493,Resolved,2023-09-19
340,1081,Resolved,2023-04-01
341,879,Resolved,2023-07-13
342,1166,Resolved,2023-11-25
343,719,Resolved,2023-03-05
344,652,Resolved,2023-10-21
345,619,Resolved,2023-08-14
346,1909,Resolved,2024-03-20
347,1827,Pending,2023-11-30
348,409,Resolved,2023-03-04
349,1102,Resolved,2024-05-11
350,1026,Resolved,2024-08-05
351,786,Resolved,2024-06-15
352,35,Pending,2024-04-03
353,1801,Pending,2023-11-29
354,395,Pending,2023-09-02
355,1242,Pending,2023-03-05
356,1091,Pending,2023-09-23
357,1093,Resolved,2023-06-11
358,1248,Resolved,2023-02-14
359,361,Resolved,2023-01-25
360,458,Pending,2023-10-27
361,294,Resolved,2023-08-13
362,1350,Resolved,2023-03-15
363,1227,Pending,2023-04-26
364,593,Resolved,2023-06-01
365,955,Resolved,2024-08-03
366,1602,Pending,2024-12-14
367,297,Pending,2023-04-01
368,1816,Pending,2024-07-15
369,946,Pending,2023-10-16
370,261,Resolved,2023-04-02
371,789,Resolved,2024-01-22
372,1542,Resolved,2024-02-19
373,1156,Pending,2024-06-24
374,1801,Resolved,2023-06-21
375,1349,Resolved,2024-11-15
376,1092,Resolved,2024-01-07
377,1150,Resolved,2024-05-12
378,1417,Resolved,2023-08-24
379,402,Pending,2023-02-11
380,827,Resolved,2023-05-29
381,1707,Resolved,2024-12-25
382,336,Resolved,2024-11-17
383,962,Resolved,2024-09-02
384,29,Resolved,2024-04-22
385,1712,Resolved,2023-04-30
386,1843,Pending,2024-06-12
387,1962,Pending,2024-06-24
388,804,Pending,2023-02-17
389,844,Resolved,2024-01-21
390,1641,Pending,2023-05-08
391,45,Pending,2024-05-16
392,1125,Pending,2024-03-22
393,1250,Resolved,2024-08-02
394,419,Resolved,2023-02-08
395,616,Resolved,2024-04-17
396,262,Pending,2023-05-13
397,765,Resolved,2023-04-29
398,1701,Resolved,2023-11-20
399,292,Resolved,2023-02-21
400,1236,Pending,2023-05-16
401,1680,Pending,2024-02-08
402,1480,Pending,2023-06-18
403,1260,Pending,2024-08-04
404,534,Resolved,2024-07-01
405,1093,Resolved,2024-05-31
406,1605,Pending,2023-12-26
407,1270,Pending,2024-10-21
408,575,Resolved,2023-08-25
409,237,Resolved,2023-03-09
410,1355,Resolved,2023-05-30
411,363,Resolved,2024-04-25
412,531,Resolved,2024-02-19
413,743,Resolved,2023-08-09
414,465,Pending,2023-09-18
415,1253,Resolved,2023-09-23
416,1894,Resolved,2024-04-03
417,1533,Resolved,2024-09-17
418,382,Pending,2024-11-07
419,127,Resolved,2023-02-25
420,658,Resolved,2024-02-12
421,1906,Resolved,2024-04-13
422,1865,Resolved,2023-08-31
423,1138,Resolved,2024-05-28
424,243,Resolved,2024-10-16
425,1169,Resolved,2023-06-18
426,553,Resolved,2024-07-28
427,1697,Resolved,2024-03-08
428,439,Pending,2024-10-27
429,1362,Pending,2024-07-31
430,408,Resolved,2023-10-12
431,589,Resolved,2024-03-29
432,1192,Resolved,2023-07-07
433,796,Resolved,2024-12-05
434,1646,Pending,2023-10-23
435,1731,Resolved,2024-06-06
436,1764,Pending,2024-11-22
437,1995,Pending,2024-01-17
438,1191,Resolved,2023-12-09
439,1557,Resolved,2024-08-24
440,1189,Resolved,2023-08-11
441,642,Resolved,2023-12-01
442,1286,Pending,2024-04-01
443,564,Resolved,2024-03-23
444,1285,Resolved,2024-09-06
445,1199,Pending,2023-12-03
446,811,Pending,2023-12-21
447,1120,Resolved,2023-12-22
448,1381,Pending,2023-08-20
449,370,Resolved,2023-09-24
450,1576,Pending,2023-07-09
451,907,Resolved,2023-02-17
452,1745,Pending,2023-10-11
453,1166,Resolved,2023-02-24
454,770,Resolved,2023-12-05
455,1191,Resolved,2023-04-29
456,1727,Resolved,2023-01-02
457,1343,Resolved,2023-08-12
458,1655,Pending,2023-07-22
459,658,Pending,2024-10-17
460,993,Pending,2023-01-11
461,1886,Pending,2023-09-16
462,1359,Pending,2023-10-25
463,989,Pending,2024-10-30
464,1498,Resolved,2023-07-16
465,1665,Pending,2024-08-26
466,1169,Resolved,2024-02-19
467,1078,Pending,2023-11-29
468,122,Resolved,2023-06-02
469,1148,Resolved,2024-01-11
470,167,Resolved,2023-05-14
471,944,Resolved,2023-04-26
472,834,Resolved,2023-03-08
473,1679,Pending,2024-10-23
474,22,Resolved,2023-09-13
475,1300,Resolved,2024-07-06
476,1885,Resolved,2024-11-23
477,1963,Resolved,2023-07-07
478,1976,Resolved,2023-02-08
479,408,Resolved,2024-04-24
480,482,Resolved,2023-11-23
481,299,Resolved,2024-12-29
482,277,Resolved,2023-05-10
483,816,Pending,2024-09-17
484,322,Resolved,2023-03-04
485,115,Resolved,2023-04-07
486,272,Resolved,2024-02-16
487,1192,Resolved,2024-06-13
488,1813,Resolved,2024-03-21
489,1460,Resolved,2024-12-17
490,1893,Pending,2024-12-25
491,264,Resolved,2024-08-31
492,250,Resolved,2023-08-24
493,1486,Resolved,2024-11-10
494,878,Resolved,2024-07-25
495,439,Resolved,2023-03-26
496,1791,Resolved,2023-12-21
497,1366,Pending,2024-02-06
498,1490,Resolved,2023-06-15
499,1082,Resolved,2023-08-16
500,5,Pending,2024-01-02
501,1962,Resolved,2024-02-14
502,1647,Resolved,2023-03-01
503,1901,Resolved,2023-06-13
504,1822,Resolved,2023-08-18
505,863,Pending,2024-08-16
506,265,Resolved,2023-06-06
507,1273,Resolved,2024-12-03
508,95,Pending,2024-01-09
509,1887,Resolved,2023-08-30
510,1833,Resolved,2023-06-17
511,819,Resolved,2023-05-01
512,697,Pending,2023-01-02
513,1481,Pending,2023-04-28
514,741,Resolved,2024-10-09
515,317,Pending,2024-09-30
516,774,Pending,2024-05-21
517,119,Pending,2024-01-09
518,1770,Resolved,2023-04-18
519,794,Pending,2023-10-26
520,202,Resolved,2024-03-08
521,1798,Pending,2023-04-22
522,1077,Resolved,2024-02-10
523,317,Resolved,2024-05-14
524,1697,Pending,2024-11-05
525,1268,Pending,2023-01-19
526,1965,Resolved,2023-01-20
527,1118,Resolved,2024-07-14
528,1576,Resolved,2024-05-20
529,1304,Resolved,2023-06-03
530,1116,Resolved,2024-05-29
531,813,Resolved,2024-04-22
532,38,Resolved,2024-01-19
533,413,Resolved,2024-11-11
534,243,Resolved,2023-07-17
535,1388,Pending,2023-06-28
536,1999,Resolved,2024-09-06
537,1672,Resolved,2024-12-31
538,1088,Pending,2024-06-11
539,855,Resolved,2023-02-16
540,1899,Resolved,2024-07-11
541,201,Resolved,2024-09-03
542,307,Resolved,2023-07-02
543,1995,Resolved,2023-12-20
544,1798,Resolved,2024-05-01
545,175,Pending,2023-08-04
546,1713,Resolved,2024-02-27
547,972,Pending,2024-10-07
548,1016,Resolved,2023-01-09
549,994,Resolved,2023-08-01
550,597,Resolved,2023-05-19
551,672,Resolved,2023-11-17
552,694,Pending,2023-04-01
553,548,Resolved,2023-11-11
554,1881,Resolved,2023-04-22
555,1123,Resolved,2023-04-23
556,1250,Resolved,2024-12-10
557,1939,Pending,2024-01-09
558,549,Pending,2023-09-20
559,273,Pending,2024-01-03
560,976,Resolved,2024-01-13
561,784,Resolved,2024-11-04
562,1210,Resolved,2024-08-18
563,940,Resolved,2024-07-10
564,452,Resolved,2023-02-14
565,561,Pending,2023-09-28
566,1529,Pending,2024-05-09
567,94,Pending,2024-12-22
568,1331,Resolved,2024-11-16
569,1762,Resolved,2023-09-04
570,517,Pending,2023-06-23
571,1889,Pending,2023-02-05
572,954,Pending,2023-10-29
573,174,Resolved,2023-06-07
574,695,Pending,2024-10-12
575,1097,Resolved,2023-02-02
576,1169,Resolved,2024-01-17
577,908,Pending,2024-02-28
578,1688,Resolved,2024-11-13
579,56,Resolved,2024-09-13
580,695,Resolved,2024-11-09
581,634,Resolved,2024-09-28
582,244,Resolved,2024-12-26
583,894,Resolved,2023-10-22
584,204,Resolved,2024-11-23
585,1615,Resolved,2024-08-17
586,16,Pending,2024-02-19
587,126,Resolved,2023-11-15
588,599,Pending,2023-01-25
589,466,Resolved,2024-07-06
590,790,Resolved,2024-03-09
591,1902,Resolved,2023-02-28
592,1452,Resolved,2023-06-26
593,1375,Pending,2024-06-25
594,1579,Resolved,2023-02-14
595,79,Pending,2024-03-27
596,1525,Resolved,2023-11-05
597,789,Pending,2023-06-03
598,1403,Resolved,2024-07-05
599,264,Resolved,2023-05-20
600,305,Resolved,2024-08-04
601,1512,Resolved,2024-01-20
602,740,Resolved,2024-10-09
603,125,Resolved,2024-09-15
604,618,Resolved,2023-02-02
605,742,Pending,2024-12-08
606,1670,Pending,2024-01-06
607,81,Resolved,2023-06-27
608,872,Resolved,2023-12-26
609,1645,Resolved,2024-10-07
610,175,Pending,2024-12-03
611,676,Resolved,2024-03-11
612,1149,Resolved,2023-01-06
613,348,Resolved,2024-11-21
614,1913,Resolved,2024-09-09
615,1391,Resolved,2023-08-19
616,1559,Resolved,2024-02-05
617,1439,Resolved,2024-12-27
618,878,Resolved,2024-09-08
619,843,Resolved,2023-01-23
620,574,Resolved,2023-06-10
621,724,Resolved,2023-07-13
622,1276,Resolved,2023-09-23
623,608,Resolved,2023-03-24
624,1745,Resolved,2023-06-17
625,569,Resolved,2024-10-16
626,234,Resolved,2024-07-08
627,358,Pending,2023-12-10
628,1350,Resolved,2023-01-12
629,1089,Resolved,2024-06-17
630,293,Resolved,2024-06-13
631,1348,Resolved,2024-03-25
632,991,Pending,2024-07-27
633,1355,Pending,2024-12-01
634,529,Resolved,2024-08-13
635,135,Resolved,2024-05-04
636,820,Pending,2023-06-16
637,1443,Pending,2024-10-23
638,130,Resolved,2024-04-09
639,1960,Resolved,2024-09-08
640,1573,Pending,2023-01-07
641,1786,Pending,2023-06-12
642,569,Resolved,2023-07-14
643,1381,Resolved,2023-11-15
644,522,Resolved,2023-05-10
645,460,Resolved,2023-04-19
646,593,Resolved,2023-08-07
647,942,Resolved,2024-05-20
648,1626,Pending,2024-03-04
649,901,Resolved,2024-10-03
650,1925,Resolved,2023-09-01
651,1656,Pending,2024-03-13
652,614,Resolved,2023-11-03
653,1519,Pending,2024-08-19
654,539,Pending,2023-09-12
655,261,Resolved,2023-11-23
656,1597,Resolved,2024-02-13
657,1160,Pending,2023-01-01
658,1951,Resolved,2023-07-13
659,609,Resolved,2023-12-30
660,1685,Pending,2023-05-02
661,1251,Resolved,2023-12-30
662,1813,Resolved,2023-01-04
663,1843,Resolved,2023-05-29
664,1871,Resolved,2023-03-02
665,228,Resolved,2023-04-27
666,1851,Resolved,2024-11-14
667,761,Resolved,2023-08-26
668,258,Resolved,2023-05-18
669,1438,Pending,2024-12-30
670,826,Resolved,2024-04-02
671,1244,Resolved,2024-04-29
672,1260,Resolved,2023-03-23
673,1044,Pending,2024-12-31
674,424,Resolved,2024-12-14
675,413,Resolved,2024-08-09
676,1413,Pending,2023-02-16
677,345,Pending,2023-12-10
678,650,Resolved,2023-12-05
679,467,Pending,2023-08-24
680,189,Pending,2024-04-08
681,1641,Pending,2024-10-24
682,1392,Resolved,2024-01-11
683,1409,Resolved,2023-05-03
684,1967,Resolved,2023-09-03
685,1122,Resolved,2023-09-11
686,953,Resolved,2024-07-19
687,270,Resolved,2024-11-29
688,665,Resolved,2023-10-08
689,1242,Resolved,2023-03-08
690,21,Resolved,2024-10-14
691,1296,Resolved,2024-06-16
692,714,Resolved,2024-06-17
693,1184,Resolved,2023-06-24
694,1516,Pending,2023-07-10
695,429,Pending,2023-10-12
696,576,Resolved,2023-11-01
697,596,Resolved,2024-02-11
698,585,Resolved,2023-11-28
699,1596,Resolved,2023-11-01
700,1018,Resolved,2024-10-30
701,1890,Resolved,2024-07-04
702,991,Resolved,2023-12-03
703,659,Resolved,2023-01-30
704,1071,Resolved,2024-03-15
705,223,Pending,2023-09-15
706,960,Pending,2024-07-16
707,158,Resolved,2023-08-22
708,1071,Pending,2023-01-26
709,801,Pending,2024-06-06
710,722,Pending,2024-01-19
711,1557,Pending,2024-06-19
712,1375,Pending,2024-01-28
713,319,Resolved,2024-04-06
714,1255,Resolved,2024-12-28
715,298,Pending,2023-05-18
716,445,Resolved,2023-04-20
717,105,Pending,2024-04-19
718,1662,Pending,2023-11-24
719,883,Resolved,2023-07-25
720,1323,Resolved,2023-03-12
721,1092,Resolved,2023-07-29
722,538,Resolved,2023-07-04
723,673,Resolved,2024-08-24
724,1644,Resolved,2024-01-18
725,801,Resolved,2024-02-03
726,817,Resolved,2024-06-28
727,1620,Resolved,2024-10-20
728,1065,Pending,2024-11-12
729,1224,Pending,2024-12-26
730,1572,Resolved,2023-11-10
731,968,Resolved,2023-08-16
732,863,Pending,2024-10-19
733,1399,Resolved,2023-05-26
734,1430,Resolved,2023-01-22
735,1258,Resolved,2024-08-23
736,1532,Resolved,2024-11-22
737,242,Resolved,2023-10-27
738,943,Resolved,2023-09-22
739,1363,Resolved,2023-02-19
740,20,Resolved,2024-01-10
741,1879,Resolved,2023-03-02
742,1688,Resolved,2023-01-19
743,894,Resolved,2023-11-04
744,1195,Resolved,2024-06-20
745,1240,Pending,2023-07-26
746,1892,Resolved,2023-11-21
747,841,Resolved,2023-03-16
748,744,Resolved,2024-10-14
749,1040,Pending,2024-02-22
750,1307,Pending,2023-11-24
751,301,Resolved,2023-10-08
752,165,Resolved,2024-08-25
753,781,Resolved,2023-03-16
754,1715,Resolved,2024-07-29
755,1282,Pending,2024-08-16
756,1612,Resolved,2024-10-11
757,1641,Resolved,2024-08-31
758,353,Resolved,2024-09-03
759,1111,Resolved,2023-08-29
760,1851,Resolved,2023-01-05
761,1021,Resolved,2023-08-03
762,1550,Resolved,2024-08-01
763,871,Resolved,2024-05-01
764,1969,Resolved,2023-12-23
765,1822,Resolved,2024-01-29
766,759,Resolved,2023-06-04
767,878,Resolved,2024-01-26
768,753,Pending,2024-01-04
769,866,Resolved,2023-01-29
770,1033,Resolved,2024-02-27
771,1487,Pending,2023-01-09
772,1560,Pending,2023-07-19
773,1648,Pending,2024-03-20
774,1321,Resolved,2023-11-30
775,1980,Resolved,2023-08-18
776,1241,Resolved,2024-01-28
777,228,Resolved,2023-11-04
778,1056,Resolved,2023-11-27
779,431,Pending,2023-12-26
780,789,Resolved,2024-11-05
781,170,Resolved,2024-08-09
782,1255,Resolved,2023-07-02
783,70,Resolved,2024-01-22
784,1135,Pending,2023-04-19
785,1113,Resolved,2023-12-05
786,2,Resolved,2023-07-19
787,1951,Resolved,2023-06-30
788,1080,Pending,2024-06-23
789,670,Pending,2024-07-18
790,1983,Resolved,2024-03-12
791,271,Resolved,2023-02-09
792,1298,Resolved,2023-08-10
793,544,Pending,2023-10-24
794,270,Resolved,2024-11-08
795,190,Resolved,2023-01-29
796,722,Resolved,2024-12-01
797,1507,Pending,2023-07-21
798,1332,Pending,2024-04-29
799,22,Resolved,2023-05-10
800,14,Resolved,2023-02-17
801,1510,Resolved,2024-02-20
802,1742,Resolved,2024-08-22
803,1570,Resolved,2024-07-24
804,1878,Pending,2024-04-01
805,1488,Pending,2023-02-18
806,568,Pending,2024-12-28
807,1776,Resolved,2023-03-17
808,1973,Resolved,2024-06-29
809,1457,Pending,2023-09-05
810,575,Resolved,2023-10-17
811,1424,Resolved,2024-06-18
812,592,Resolved,2024-06-14
813,552,Pending,2024-03-11
814,806,Pending,2024-01-18
815,914,Resolved,2023-04-06
816,279,Resolved,2023-09-08
817,768,Pending,2023-08-29
818,1134,Pending,2023-11-01
819,48,Resolved,2024-07-10
820,744,Resolved,2024-08-10
821,1106,Resolved,2024-09-10
822,686,Resolved,2024-07-25
823,625,Pending,2024-03-15
824,1302,Resolved,2024-05-02
825,381,Resolved,2024-05-12
826,310,Resolved,2023-05-12
827,552,Resolved,2024-02-06
828,542,Resolved,2024-10-30
829,767,Pending,2024-01-11
830,1264,Resolved,2024-07-20
831,1207,Resolved,2024-11-28
832,184,Resolved,2024-11-17
833,1578,Pending,2024-06-26
834,1962,Pending,2024-01-06
835,1982,Resolved,2024-02-16
836,466,Resolved,2023-06-04
837,639,Resolved,2023-09-02
838,1461,Resolved,2024-06-25
839,594,Resolved,2024-07-14
840,1257,Pending,2024-11-12
841,1845,Resolved,2023-03-16
842,704,Pending,2023-07-25
843,1,Resolved,2024-03-03
844,1529,Resolved,2024-02-25
845,1008,Resolved,2024-11-03
846,362,Resolved,2023-05-29
847,719,Resolved,2023-03-29
848,1733,Pending,2024-05-20
849,283,Resolved,2023-06-17
850,1553,Resolved,2023-07-08
851,831,Pending,2023-04-24
852,1920,Pending,2023-01-13
853,169,Resolved,2024-11-08
854,889,Pending,2023-06-06
855,1210,Resolved,2023-06-30
856,122,Resolved,2023-11-16
857,441,Resolved,2023-10-19
858,1760,Pending,2024-09-07
859,639,Resolved,2024-09-14
860,1702,Resolved,2024-10-21
861,474,Resolved,2024-04-21
862,1146,Resolved,2024-10-12
863,1858,Resolved,2024-03-08
864,732,Resolved,2023-06-18
865,941,Resolved,2024-02-06
866,1815,Resolved,2023-06-07
867,660,Resolved,2024-01-19
868,292,Resolved,2024-02-02
869,938,Resolved,2023-02-25
870,247,Resolved,2023-03-14
871,1942,Pending,2024-04-17
872,188,Resolved,2023-06-29
873,1547,Resolved,2024-08-25
874,1308,Pending,2023-07-13
875,557,Resolved,2024-12-07
876,1148,Resolved,2024-01-19
877,890,Pending,2023-08-17
878,247,Resolved,2024-11-05
879,1430,Resolved,2024-08-25
880,1361,Pending,2024-12-23
881,959,Resolved,2023-09-23
882,1183,Resolved,2024-09-30
883,1291,Resolved,2023-03-12
884,292,Resolved,2023-04-01
885,1614,Resolved,2024-08-28
886,1827,Resolved,2023-03-17
887,895,Pending,2024-09-07
888,151,Pending,2024-03-20
889,1309,Resolved,2023-07-16
890,151,Pending,2023-07-03
891,124,Resolved,2023-03-18
892,1764,Resolved,2024-03-23
893,272,Pending,2023-10-24
894,1895,Resolved,2024-01-23
895,1364,Resolved,2023-11-18
896,1753,Resolved,2024-02-25
897,659,Resolved,2024-06-29
898,1754,Resolved,2024-09-25
899,608,Resolved,2023-11-02
900,1471,Pending,2023-12-12
901,1586,Resolved,2024-12-15
902,981,Resolved,2024-10-02
903,1481,Resolved,2024-12-25
904,555,Resolved,2024-10-11
905,531,Pending,2023-09-18
906,1137,Pending,2023-12-12
907,1913,Pending,2024-11-14
908,725,Resolved,2024-10-20
909,1554,Pending,2023-05-29
910,646,Resolved,2024-02-22
911,1827,Resolved,2023-01-29
912,1550,Resolved,2024-09-05
913,64,Pending,2024-04-07
914,1417,Resolved,2024-07-14
915,1699,Resolved,2023-07-08
916,1794,Resolved,2023-03-06
917,1523,Resolved,2024-04-03
918,518,Pending,2024-11-06
919,1379,Resolved,2023-08-12
920,1657,Resolved,2024-04-20
921,1177,Resolved,2023-11-22
922,329,Pending,2024-06-02
923,690,Resolved,2024-07-26
924,479,Resolved,2023-07-11
925,391,Resolved,2023-03-29
926,575,Resolved,2024-04-02
927,412,Pending,2023-06-07
928,1282,Pending,2023-09-30
929,1601,Resolved,2023-11-28
930,869,Resolved,2023-10-09
931,507,Resolved,2024-10-18
932,1723,Resolved,2023-06-12
933,1944,Resolved,2023-06-23
934,958,Resolved,2023-04-18
935,1763,Pending,2023-10-28
936,1735,Pending,2023-11-27
937,294,Pending,2023-05-24
938,763,Resolved,2023-02-27
939,1501,Pending,2023-10-25
940,1854,Resolved,2023-07-07
941,1729,Resolved,2024-03-15
942,508,Pending,2024-05-02
943,119,Pending,2024-01-25
944,1715,Pending,2023-01-20
945,478,Pending,2023-07-31
946,564,Pending,2024-06-19
947,1646,Resolved,2024-08-25
948,1760,Pending,2024-12-28
949,842,Resolved,2024-07-17
950,1634,Resolved,2024-10-11
951,1343,Pending,2024-10-26
952,1419,Pending,2023-08-08
953,1072,Resolved,2023-06-22
954,1637,Pending,2023-01-01
955,1462,Resolved,2024-04-12
956,475,Pending,2023-01-25
957,946,Resolved,2023-07-23
958,752,Resolved,2023-07-20
959,1610,Pending,2023-07-10
960,550,Pending,2024-02-13
961,728,Pending,2024-04-22
962,136,Pending,2023-10-31
963,518,Resolved,2024-07-31
964,759,Resolved,2024-06-19
965,324,Pending,2023-03-23
966,1221,Pending,2024-08-25
967,1926,Resolved,2024-11-14
968,111,Resolved,2024-06-30
969,1824,Resolved,2024-06-29
970,1574,Resolved,2023-09-19
971,1139,Pending,2023-06-26
972,1721,Resolved,2024-10-17
973,724,Resolved,2023-08-03
974,488,Pending,2023-05-21
975,365,Resolved,2023-09-25
976,1508,Pending,2023-05-19
977,767,Resolved,2023-02-16
978,832,Resolved,2023-03-01
979,1334,Resolved,2024-07-14
980,113,Resolved,2024-07-17
981,1294,Resolved,2023-03-02
982,320,Pending,2024-12-26
983,1970,Resolved,2023-04-05
984,175,Resolved,2024-09-23
985,1846,Pending,2024-04-19
986,1043,Resolved,2024-12-31
987,1227,Pending,2023-02-09
988,1959,Resolved,2023-12-12
989,1985,Resolved,2023-11-23
990,126,Resolved,2024-03-12
991,995,Resolved,2024-02-10
992,1491,Resolved,2023-07-30
993,254,Resolved,2023-02-07
994,1852,Resolved,2024-04-12
995,929,Pending,2023-11-13
996,767,Pending,2023-07-30
997,1824,Resolved,2023-03-24
998,292,Resolved,2023-12-22
999,1176,Resolved,2024-09-21
1000,1963,Resolved,2024-06-22
1001,199,Pending,2023-07-28
1002,1223,Resolved,2024-09-28
1003,1838,Resolved,2023-10-03
1004,687,Resolved,2024-05-06
1005,1477,Resolved,2023-10-25
1006,782,Pending,2024-08-06
1007,941,Resolved,2023-02-27
1008,1204,Pending,2023-10-23
1009,218,Resolved,2024-04-03
1010,630,Resolved,2024-09-22
1011,818,Resolved,2024-01-31
1012,833,Pending,2024-01-09
1013,1869,Resolved,2023-03-03
1014,1344,Resolved,2024-03-21
1015,23,Resolved,2023-03-28
1016,637,Resolved,2024-09-02
1017,1108,Pending,2024-02-03
1018,711,Resolved,2023-05-04
1019,1350,Resolved,2024-06-02
1020,699,Resolved,2024-10-07
1021,329,Resolved,2023-10-10
1022,1628,Pending,2024-05-28
1023,1354,Resolved,2024-11-02
1024,1718,Resolved,2023-06-06
1025,1763,Pending,2023-08-14
1026,711,Resolved,2024-10-16
1027,473,Pending,2024-01-29
1028,478,Pending,2023-09-23
1029,1259,Resolved,2023-09-23
1030,922,Resolved,2024-07-02
1031,556,Resolved,2023-10-15
1032,588,Resolved,2023-10-19
1033,1677,Resolved,2023-11-16
1034,694,Pending,2024-04-17
1035,119,Pending,2024-02-03
1036,1064,Resolved,2023-03-14
1037,260,Pending,2024-06-11
1038,949,Resolved,2023-03-24
1039,756,Resolved,2023-06-23
1040,1665,Resolved,2024-03-03
1041,6,Resolved,2024-08-10
1042,311,Pending,2023-10-18
1043,66,Resolved,2024-01-16
1044,1398,Resolved,2024-07-16
1045,731,Resolved,2023-12-29
1046,1170,Resolved,2023-07-05
1047,1258,Pending,2023-01-05
1048,29,Pending,2023-09-19
1049,1845,Resolved,2023-06-28
1050,1697,Resolved,2023-05-22
1051,1667,Resolved,2023-09-25
1052,660,Resolved,2024-09-17
1053,900,Resolved,2024-04-14
1054,1618,Resolved,2024-11-22
1055,904,Pending,2023-03-09
1056,1494,Resolved,2023-04-17
1057,361,Resolved,2024-07-24
1058,1878,Resolved,2024-03-12
1059,1619,Resolved,2023-01-31
1060,1948,Resolved,2024-06-30
1061,962,Resolved,2024-06-04
1062,1609,Resolved,2024-09-12
1063,1379,Resolved,2024-10-16
1064,1750,Resolved,2023-02-11
1065,26,Resolved,2023-07-06
1066,1314,Pending,2024-08-19
1067,71,Pending,2024-12-13
1068,1886,Pending,2023-10-28
1069,1713,Resolved,2023-09-18
1070,1113,Resolved,2024-05-04
1071,177,Resolved,2024-11-01
1072,1993,Resolved,2024-10-26
1073,27,Pending,2024-11-26
1074,1985,Resolved,2023-09-14
1075,1313,Pending,2023-03-08
1076,840,Pending,2024-12-25
1077,817,Pending,2023-08-08
1078,575,Pending,2023-11-19
1079,1952,Resolved,2024-08-28
1080,1000,Resolved,2023-02-28
1081,531,Resolved,2023-06-27
1082,1508,Resolved,2024-04-05
1083,1458,Resolved,2023-10-17
1084,493,Resolved,2023-04-22
1085,278,Pending,2023-11-20
1086,999,Resolved,2023-07-01
1087,1370,Pending,2024-04-10
1088,1603,Resolved,2023-08-12
1089,1262,Pending,2024-02-02
1090,1161,Resolved,2023-06-09
1091,1187,Resolved,2024-03-29
1092,839,Resolved,2023-12-29
1093,847,Pending,2024-11-05
1094,900,Resolved,2023-01-03
1095,293,Pending,2024-08-15
1096,1052,Resolved,2024-11-21
1097,256,Resolved,2023-12-26
1098,905,Resolved,2023-11-11
1099,1827,Pending,2024-08-28
1100,1648,Resolved,2024-12-29
1101,1776,Pending,2023-01-22
1102,1779,Resolved,2024-02-25
1103,665,Resolved,2023-05-06
1104,265,Resolved,2024-02-09
1105,1981,Resolved,2024-10-16
1106,1588,Resolved,2023-09-25
1107,1505,Pending,2024-09-06
1108,401,Pending,2024-07-21
1109,460,Resolved,2023-04-16
1110,777,Resolved,2024-10-17
1111,1590,Resolved,2024-06-28
1112,1157,Pending,2024-09-20
1113,1021,Pending,2023-06-20
1114,1215,Resolved,2023-11-01
1115,1148,Resolved,2023-11-30
1116,1455,Pending,2023-01-18
1117,1242,Resolved,2024-02-04
1118,1901,Pending,2023-06-17
1119,403,Resolved,2023-12-01
1120,995,Resolved,2023-06-04
1121,1346,Resolved,2024-09-21
1122,301,Resolved,2024-01-11
1123,1095,Pending,2023-03-22
1124,1993,Resolved,2024-03-25
1125,214,Resolved,2023-11-06
1126,874,Pending,2024-11-10
1127,1569,Resolved,2024-11-15
1128,374,Resolved,2023-12-21
1129,1360,Resolved,2023-11-20
1130,1195,Resolved,2024-12-30
1131,344,Resolved,2023-08-16
1132,1480,Resolved,2023-07-10
1133,862,Resolved,2024-11-10
1134,1434,Resolved,2023-10-24
1135,301,Resolved,2023-07-08
1136,1520,Resolved,2023-07-12
1137,1315,Resolved,2024-05-27
1138,749,Resolved,2023-01-09
1139,1873,Resolved,2024-08-09
1140,437,Resolved,2023-05-23
1141,102,Resolved,2024-05-01
1142,10,Pending,2023-07-13
1143,1065,Resolved,2024-06-05
1144,370,Resolved,2024-03-08
1145,126,Pending,2023-05-19
1146,785,Pending,2023-01-30
1147,383,Pending,2023-10-06
1148,327,Resolved,2023-02-11
1149,450,Resolved,2023-08-16
1150,523,Resolved,2024-04-24
1151,1855,Resolved,2024-02-21
1152,1010,Resolved,2023-07-20
1153,1731,Pending,2023-11-17
1154,942,Resolved,2024-12-22
1155,1556,Resolved,2024-11-20
1156,1933,Resolved,2024-01-03
1157,983,Pending,2024-08-20
1158,273,Resolved,2024-07-13
1159,502,Pending,2024-12-18
1160,1771,Pending,2023-11-22
1161,1511,Pending,2023-11-06
1162,1952,Pending,2024-12-03
1163,1251,Resolved,2023-12-27
1164,1251,Pending,2024-06-11
1165,866,Resolved,2024-10-01
1166,341,Resolved,2023-10-30
1167,272,Resolved,2024-11-27
1168,1815,Resolved,2024-10-03
1169,395,Resolved,2024-11-07
1170,1148,Resolved,2024-08-27
1171,910,Resolved,2023-10-06
1172,195,Pending,2024-12-25
1173,1607,Resolved,2024-10-14
1174,1768,Resolved,2024-09-18
1175,1197,Resolved,2023-11-17
1176,1227,Resolved,2024-04-21
1177,1057,Resolved,2023-10-31
1178,211,Pending,2024-06-02
1179,813,Resolved,2023-02-25
1180,694,Resolved,2023-07-11
1181,753,Pending,2023-01-22
1182,1001,Resolved,2023-03-21
1183,1075,Resolved,2023-10-11
1184,1907,Pending,2024-03-03
1185,892,Resolved,2023-04-13
1186,1879,Resolved,2024-12-29
1187,1431,Resolved,2023-05-22
1188,541,Resolved,2024-08-19
1189,518,Resolved,2024-02-07
1190,935,Pending,2024-08-11
1191,133,Resolved,2024-08-12
1192,96,Resolved,2023-06-11
1193,424,Resolved,2024-08-16
1194,858,Pending,2023-08-04
1195,974,Pending,2024-04-22
1196,82,Pending,2024-07-16
1197,789,Resolved,2024-11-06
1198,315,Pending,2023-09-08
1199,1753,Pending,2024-12-25
1200,916,Resolved,2024-12-23
1201,1304,Pending,2024-02-14
1202,1667,Pending,2024-11-05
1203,1110,Pending,2023-11-15
1204,1864,Pending,2024-01-23
1205,366,Pending,2023-03-26
1206,1849,Pending,2024-05-29
1207,366,Resolved,2023-01-05
1208,1117,Pending,2023-08-23
1209,71,Resolved,2024-02-17
1210,326,Pending,2024-01-10
1211,1531,Pending,2023-10-02
1212,1350,Pending,2024-01-06
1213,844,Pending,2024-06-15
1214,1215,Resolved,2024-12-07
1215,214,Resolved,2024-01-29
1216,1071,Resolved,2024-10-22
1217,1754,Resolved,2024-09-19
1218,89,Resolved,2023-01-04
1219,1811,Resolved,2024-06-17
1220,996,Resolved,2024-12-02
1221,1251,Resolved,2024-06-07
1222,1421,Resolved,2024-02-10
1223,217,Pending,2024-02-17
1224,1776,Resolved,2023-07-08
1225,301,Resolved,2023-11-13
1226,1440,Pending,2024-06-22
1227,926,Resolved,2024-03-06
1228,853,Resolved,2023-12-06
1229,894,Resolved,2024-10-15
1230,170,Pending,2024-06-02
1231,1389,Resolved,2024-03-05
1232,1256,Pending,2024-03-02
1233,620,Resolved,2024-06-05
1234,1352,Resolved,2024-11-21
1235,1257,Resolved,2024-05-29
1236,682,Resolved,2024-09-06
1237,1671,Pending,2023-10-27
1238,643,Resolved,2023-02-23
1239,37,Pending,2023-06-11
1240,771,Resolved,2024-03-24
1241,1426,Resolved,2023-07-30
1242,1011,Resolved,2024-03-22
1243,636,Pending,2023-03-11
1244,426,Resolved,2023-10-28
1245,1929,Resolved,2023-03-09
1246,1977,Resolved,2023-10-09
1247,408,Resolved,2023-06-03
1248,775,Resolved,2024-04-06
1249,865,Resolved,2023-08-12
1250,217,Pending,2024-01-03
1251,170,Resolved,2023-07-08
1252,610,Pending,2024-01-21
1253,358,Resolved,2023-02-10
1254,186,Resolved,2024-11-15
1255,725,Pending,2024-11-07
1256,870,Resolved,2024-10-03
1257,824,Resolved,2024-05-31
1258,1768,Resolved,2023-05-10
1259,1978,Pending,2024-11-18
1260,1938,Resolved,2023-01-22
1261,679,Pending,2023-02-10
1262,1842,Resolved,2023-06-02
1263,1185,Resolved,2024-07-11
1264,284,Resolved,2023-12-16
1265,184,Pending,2023-01-09
1266,1561,Pending,2024-09-04
1267,142,Resolved,2023-02-16
1268,1719,Resolved,2023-11-26
1269,1620,Resolved,2024-12-19
1270,231,Resolved,2023-01-03
1271,1492,Resolved,2024-02-13
1272,1927,Pending,2023-02-05
1273,388,Resolved,2023-08-31
1274,735,Pending,2024-03-09
1275,158,Resolved,2024-02-22
1276,1342,Resolved,2023-08-07
1277,1209,Pending,2023-07-20
1278,1445,Resolved,2024-01-29
1279,1207,Resolved,2024-06-22
1280,1621,Pending,2024-08-23
1281,577,Resolved,2023-09-26
1282,1076,Resolved,2023-05-04
1283,1027,Resolved,2024-02-04
1284,77,Resolved,2023-10-08
1285,1671,Resolved,2024-03-08
1286,1862,Resolved,2024-02-04
1287,582,Resolved,2023-01-02
1288,1698,Resolved,2023-11-25
1289,608,Pending,2024-09-26
1290,1040,Resolved,2024-01-18
1291,230,Resolved,2024-08-11
1292,904,Resolved,2023-03-19
1293,917,Pending,2023-11-28
1294,889,Resolved,2023-06-12
1295,1291,Resolved,2023-05-30
1296,1330,Resolved,2024-07-13
1297,1879,Pending,2024-09-17
1298,1030,Resolved,2024-05-19
1299,1134,Resolved,2024-07-29
1300,143,Resolved,2023-05-30
1301,1931,Resolved,2024-08-07
1302,1691,Pending,2023-02-16
1303,207,Pending,2023-12-28
1304,429,Resolved,2024-11-23
1305,166,Pending,2024-01-09
1306,260,Resolved,2023-04-05
1307,1998,Pending,2023-04-11
1308,1709,Resolved,2024-01-25
1309,394,Resolved,2024-08-17
1310,121,Pending,2023-03-23
1311,950,Pending,2024-09-24
1312,413,Pending,2024-02-17
1313,1164,Pending,2023-01-03
1314,1976,Resolved,2023-01-13
1315,168,Resolved,2023-06-13
1316,1108,Resolved,2024-09-08
1317,421,Resolved,2023-12-11
1318,1730,Resolved,2023-06-15
1319,788,Resolved,2023-03-16
1320,268,Resolved,2023-03-01
1321,38,Resolved,2024-01-17
1322,926,Resolved,2023-03-14
1323,1327,Resolved,2024-10-22
1324,338,Resolved,2023-05-03
1325,1778,Pending,2024-04-11
1326,330,Resolved,2023-10-16
1327,199,Resolved,2024-05-30
1328,810,Resolved,2024-04-25
1329,5,Pending,2023-08-25
1330,1456,Resolved,2024-12-20
1331,989,Pending,2023-06-21
1332,1395,Resolved,2024-01-20
1333,895,Resolved,2024-03-21
1334,1891,Resolved,2023-07-26
1335,103,Pending,2023-05-30
1336,435,Resolved,2024-07-24
1337,1932,Resolved,2023-05-31
1338,650,Resolved,2024-11-03
1339,1829,Resolved,2023-04-23
1340,381,Pending,2023-08-20
1341,66,Resolved,2024-05-02
1342,579,Resolved,2024-01-18
1343,270,Resolved,2024-01-09
1344,47,Resolved,2024-11-28
1345,916,Resolved,2023-09-04
1346,365,Resolved,2023-05-20
1347,1905,Resolved,2024-09-15
1348,1204,Pending,2024-02-06
1349,68,Resolved,2024-12-07
1350,1139,Pending,2023-05-05
1351,1050,Pending,2023-12-22
1352,1583,Resolved,2023-08-27
1353,207,Resolved,2024-05-27
1354,73,Pending,2024-09-24
1355,1283,Pending,2024-08-23
1356,1410,Resolved,2024-06-15
1357,1961,Resolved,2023-09-30
1358,30,Resolved,2023-06-26
1359,1445,Resolved,2024-02-10
1360,1027,Pending,2023-04-24
1361,1545,Resolved,2023-01-27
1362,1544,Pending,2024-11-30
1363,521,Resolved,2024-02-22
1364,888,Resolved,2024-08-21
1365,401,Resolved,2024-08-14
1366,1688,Resolved,2024-04-06
1367,1992,Pending,2023-06-29
1368,654,Resolved,2024-07-20
1369,950,Pending,2023-09-04
1370,848,Pending,2024-05-14
1371,1298,Resolved,2023-11-13
1372,1496,Resolved,2024-03-09
1373,935,Pending,2023-08-21
1374,1396,Resolved,2024-09-12
1375,431,Pending,2024-01-04
1376,539,Resolved,2024-10-28
1377,1372,Resolved,2023-06-17
1378,71,Pending,2023-03-09
1379,1506,Pending,2024-07-04
1380,1755,Pending,2024-10-16
1381,1826,Resolved,2023-12-11
1382,256,Pending,2024-06-13
1383,1127,Resolved,2023-02-21
1384,147,Resolved,2024-03-20
1385,902,Pending,2024-08-14
1386,670,Resolved,2024-11-23
1387,1884,Resolved,2023-05-20
1388,140,Resolved,2024-12-21
1389,655,Resolved,2024-02-13
1390,621,Pending,2023-12-01
1391,1447,Resolved,2023-10-08
1392,871,Pending,2024-02-09
1393,1856,Pending,2023-05-02
1394,64,Resolved,2024-12-23
1395,1295,Resolved,2024-10-08
1396,1722,Resolved,2024-04-04
1397,868,Pending,2024-11-19
1398,835,Resolved,2023-02-08
1399,513,Pending,2023-03-16
1400,1031,Resolved,2024-07-14
1401,1417,Resolved,2023-08-05
1402,1025,Resolved,2023-09-03
1403,1285,Resolved,2024-02-22
1404,47,Pending,2023-07-22
1405,868,Pending,2024-10-17
1406,778,Resolved,2024-06-02
1407,1026,Resolved,2024-09-04
1408,535,Resolved,2023-10-23
1409,359,Resolved,2024-03-25
1410,1501,Resolved,2023-08-16
1411,1976,Resolved,2023-04-13
1412,1939,Resolved,2023-04-02
1413,1446,Resolved,2023-12-23
1414,815,Pending,2024-11-29
1415,596,Resolved,2023-05-26
1416,204,Resolved,2023-09-24
1417,971,Resolved,2023-04-29
1418,227,Pending,2024-05-17
1419,948,Resolved,2023-09-21
1420,1788,Resolved,2023-10-03
1421,817,Pending,2024-12-15
1422,1991,Resolved,2023-02-28
1423,151,Resolved,2023-12-13
1424,1271,Resolved,2024-10-26
1425,1842,Pending,2023-07-05
1426,17,Resolved,2023-04-25
1427,304,Resolved,2023-12-28
1428,1913,Resolved,2023-08-24
1429,1538,Resolved,2024-03-17
1430,1221,Resolved,2024-07-31
1431,1470,Resolved,2023-09-20
1432,1365,Resolved,2023-02-20
1433,781,Resolved,2023-12-17
1434,1085,Resolved,2024-02-21
1435,267,Resolved,2023-01-13
1436,1121,Resolved,2024-01-29
1437,1307,Resolved,2024-06-15
1438,1271,Resolved,2023-08-01
1439,35,Resolved,2023-09-27
1440,786,Pending,2023-02-09
1441,1493,Pending,2024-10-08
1442,68,Pending,2023-06-30
1443,189,Resolved,2023-09-22
1444,41,Resolved,2023-04-16
1445,608,Pending,2024-05-01
1446,683,Resolved,2024-02-08
1447,945,Resolved,2024-01-25
1448,907,Pending,2024-08-30
1449,1091,Resolved,2023-05-03
1450,947,Resolved,2023-02-06
1451,1332,Resolved,2024-12-10
1452,1143,Pending,2024-05-17
1453,853,Pending,2024-06-10
1454,1707,Pending,2024-08-19
1455,1210,Resolved,2023-04-02
1456,974,Resolved,2023-04-10
1457,1094,Resolved,2024-11-16
1458,1011,Resolved,2024-03-30
1459,757,Pending,2024-12-27
1460,1949,Resolved,2024-08-20
1461,1695,Resolved,2024-01-29
1462,1007,Resolved,2024-08-16
1463,1308,Resolved,2024-05-19
1464,1643,Resolved,2023-04-27
1465,1970,Resolved,2024-11-09
1466,548,Resolved,2024-05-05
1467,1372,Resolved,2023-12-08
1468,915,Resolved,2024-03-01
1469,1219,Pending,2024-04-14
1470,1804,Resolved,2023-05-14
1471,484,Resolved,2023-06-29
1472,588,Resolved,2024-11-07
1473,1304,Resolved,2023-07-31
1474,1857,Pending,2024-06-01
1475,1372,Pending,2024-08-07
1476,1616,Resolved,2024-02-17
1477,1941,Resolved,2023-12-23
1478,1502,Resolved,2024-03-28
1479,1122,Resolved,2024-03-10
1480,282,Pending,2023-03-18
1481,630,Resolved,2023-10-10
1482,419,Resolved,2024-12-27
1483,223,Resolved,2024-11-07
1484,1276,Resolved,2024-11-16
1485,80,Resolved,2024-09-01
1486,826,Pending,2024-06-20
1487,682,Resolved,2024-02-25
1488,413,Pending,2023-05-31
1489,1693,Resolved,2024-05-17
1490,1417,Pending,2024-10-27
1491,334,Resolved,2024-08-10
1492,889,Resolved,2024-05-29
1493,1352,Resolved,2024-08-07
1494,1026,Resolved,2024-09-14
1495,1227,Resolved,2023-12-01
1496,258,Resolved,2024-08-06
1497,763,Resolved,2024-02-16
1498,1391,Resolved,2023-09-12
1499,1170,Pending,2023-08-06
1500,837,Resolved,2023-07-27
1501,1402,Resolved,2023-10-17
1502,1465,Resolved,2024-07-30
1503,455,Pending,2023-10-12
1504,1431,Pending,2024-05-30
1505,1811,Resolved,2024-12-08
1506,19,Pending,2024-09-22
1507,954,Pending,2024-12-02
1508,1904,Resolved,2024-11-08
1509,979,Resolved,2023-08-20
1510,433,Resolved,2024-10-03
1511,1453,Resolved,2024-08-26
1512,252,Resolved,2023-11-28
1513,796,Resolved,2024-09-28
1514,1867,Resolved,2023-07-26
1515,1586,Resolved,2024-09-17
1516,907,Pending,2023-12-27
1517,1847,Resolved,2023-12-17
1518,649,Resolved,2024-01-08
1519,910,Pending,2023-04-11
1520,738,Resolved,2024-06-27
1521,221,Resolved,2024-04-14
1522,113,Resolved,2023-05-11
1523,1173,Pending,2024-06-12
1524,560,Resolved,2024-04-21
1525,1082,Pending,2023-09-05
1526,197,Pending,2024-01-10
1527,1761,Resolved,2024-01-31
1528,1673,Resolved,2024-07-29
1529,1731,Resolved,2023-03-19
1530,1742,Resolved,2024-12-12
1531,1042,Resolved,2023-02-10
1532,780,Pending,2023-09-15
1533,215,Resolved,2023-06-30
1534,1742,Resolved,2023-10-17
1535,636,Resolved,2023-05-05
1536,1040,Resolved,2024-09-15
1537,677,Resolved,2024-04-12
1538,660,Resolved,2023-08-23
1539,1812,Pending,2024-05-14
1540,1423,Resolved,2024-12-14
1541,233,Pending,2024-07-05
1542,25,Pending,2024-12-11
1543,1425,Resolved,2024-09-29
1544,1804,Resolved,2023-03-15
1545,1389,Resolved,2024-11-21
1546,938,Resolved,2023-01-05
1547,1319,Resolved,2023-04-28
1548,1019,Resolved,2024-10-22
1549,1976,Resolved,2023-11-10
1550,1461,Resolved,2023-07-20
1551,71,Resolved,2024-06-26
1552,1736,Resolved,2024-03-05
1553,1583,Resolved,2024-10-28
1554,25,Resolved,2024-12-10
1555,1749,Pending,2024-09-10
1556,1970,Resolved,2023-06-08
1557,1398,Pending,2024-11-11
1558,1569,Resolved,2023-10-28
1559,458,Resolved,2024-02-24
1560,1238,Resolved,2023-09-15
1561,211,Pending,2023-03-03
1562,541,Resolved,2024-10-22
1563,771,Pending,2023-06-11
1564,1063,Resolved,2023-03-27
1565,1284,Resolved,2023-01-13
1566,677,Resolved,2023-10-02
1567,95,Pending,2024-02-21
1568,1414,Pending,2023-05-04
1569,220,Resolved,2024-09-07
1570,906,Pending,2023-02-18
1571,1292,Pending,2023-01-03
1572,1518,Resolved,2024-12-23
1573,1654,Resolved,2024-08-05
1574,1090,Resolved,2023-09-28
1575,1411,Resolved,2024-07-03
1576,193,Pending,2023-06-02
1577,1344,Resolved,2023-11-13
1578,1571,Pending,2024-12-27
1579,1944,Pending,2024-03-09
1580,175,Pending,2024-06-05
1581,112,Resolved,2024-09-03
1582,1332,Resolved,2024-05-04
1583,1826,Resolved,2023-07-18
1584,1364,Pending,2024-03-11
1585,1104,Resolved,2024-11-16
1586,1502,Resolved,2023-08-05
1587,111,Resolved,2024-05-24
1588,1511,Resolved,2023-02-09
1589,1945,Resolved,2024-11-28
1590,453,Resolved,2024-05-03
1591,413,Resolved,2024-08-03
1592,604,Pending,2023-09-06
1593,960,Resolved,2023-03-26
1594,1973,Pending,2024-11-10
1595,186,Resolved,2024-02-08
1596,1577,Pending,2023-01-29
1597,1111,Pending,2023-02-06
1598,1248,Pending,2024-05-21
1599,51,Resolved,2024-06-15
1600,1150,Pending,2024-10-19
1601,1170,Resolved,2023-09-17
1602,1065,Resolved,2024-10-12
1603,355,Resolved,2023-09-12
1604,1469,Resolved,2023-03-27
1605,363,Resolved,2024-07-17
1606,536,Resolved,2024-10-15
1607,1839,Pending,2024-09-25
1608,1308,Resolved,2024-02-16
1609,36,Resolved,2024-01-23
1610,277,Resolved,2024-02-04
1611,1720,Resolved,2024-02-26
1612,1349,Resolved,2024-10-24
1613,1690,Resolved,2023-11-29
1614,1010,Pending,2024-10-21
1615,182,Pending,2024-03-28
1616,471,Resolved,2024-08-17
1617,1836,Resolved,2023-05-29
1618,417,Resolved,2023-06-19
1619,1690,Resolved,2023-11-21
1620,889,Resolved,2023-08-16
1621,1174,Resolved,2023-11-22
1622,404,Resolved,2023-01-05
1623,514,Resolved,2023-06-01
1624,1833,Resolved,2023-08-09
1625,566,Pending,2023-06-06
1626,441,Pending,2023-09-15
1627,1938,Pending,2023-01-06
1628,1925,Pending,2023-10-17
1629,1270,Resolved,2023-07-23
1630,992,Pending,2023-10-05
1631,1070,Resolved,2023-05-14
1632,75,Pending,2024-08-11
1633,1173,Pending,2024-03-22
1634,406,Resolved,2023-12-12
1635,3,Resolved,2023-04-26
1636,1033,Resolved,2024-12-13
1637,514,Resolved,2024-08-21
1638,1262,Pending,2024-08-02
1639,540,Pending,2024-09-04
1640,290,Resolved,2024-11-04
1641,181,Resolved,2023-11-09
1642,1339,Resolved,2024-02-25
1643,266,Pending,2024-08-05
1644,83,Pending,2023-06-22
1645,1885,Resolved,2023-06-18
1646,1789,Resolved,2023-04-13
1647,258,Pending,2023-08-16
1648,1584,Resolved,2023-05-13
1649,1670,Pending,2024-07-25
1650,1836,Resolved,2024-10-18
1651,950,Resolved,2023-07-30
1652,199,Resolved,2023-04-19
1653,1316,Resolved,2023-07-12
1654,648,Resolved,2023-12-23
1655,1107,Resolved,2024-11-25
1656,266,Pending,2024-06-04
1657,1441,Pending,2024-10-05
1658,997,Resolved,2024-03-01
1659,870,Resolved,2023-03-15
1660,731,Resolved,2023-04-06
1661,861,Resolved,2023-05-09
1662,19,Resolved,2023-12-09
1663,1554,Pending,2024-01-06
1664,371,Pending,2024-02-05
1665,1715,Resolved,2023-08-10
1666,1047,Pending,2024-10-01
1667,1409,Pending,2024-05-26
1668,1851,Pending,2024-05-19
1669,1780,Resolved,2023-12-01
1670,619,Pending,2024-01-09
1671,643,Resolved,2024-04-30
1672,1546,Resolved,2023-01-07
1673,379,Resolved,2024-01-24
1674,1735,Resolved,2024-03-11
1675,817,Resolved,2023-04-26
1676,824,Resolved,2023-04-13
1677,90,Pending,2024-07-18
1678,144,Pending,2023-01-03
1679,1831,Pending,2024-06-27
1680,621,Resolved,2023-03-21
1681,864,Pending,2024-09-27
1682,204,Resolved,2024-01-31
1683,1580,Resolved,2024-01-24
1684,1544,Resolved,2023-09-17
1685,1416,Pending,2023-11-08
1686,1325,Resolved,2023-12-02
1687,1931,Pending,2023-07-29
1688,1529,Pending,2024-05-25
1689,865,Pending,2024-03-23
1690,153,Pending,2023-02-14
1691,529,Resolved,2024-02-08
1692,339,Pending,2023-11-05
1693,749,Pending,2023-08-15
1694,1536,Pending,2023-12-15
1695,1975,Pending,2023-04-23
1696,1359,Pending,2023-01-30
1697,1533,Resolved,2023-10-03
1698,1080,Pending,2023-12-28
1699,556,Resolved,2024-12-26
1700,1845,Resolved,2023-03-28
1701,753,Resolved,2024-03-11
1702,931,Resolved,2023-01-22
1703,551,Resolved,2024-01-20
1704,1154,Pending,2023-01-21
1705,98,Pending,2024-11-18
1706,793,Resolved,2024-05-05
1707,422,Resolved,2024-04-11
1708,1988,Pending,2024-03-31
1709,80,Resolved,2024-11-10
1710,288,Resolved,2023-08-09
1711,847,Resolved,2024-08-16
1712,1770,Pending,2024-08-13
1713,1870,Resolved,2024-05-12
1714,169,Pending,2023-06-08
1715,1103,Resolved,2023-05-23
1716,71,Resolved,2023-02-14
1717,263,Resolved,2024-03-26
1718,712,Resolved,2023-08-24
1719,723,Resolved,2024-11-12
1720,530,Resolved,2023-08-13
1721,785,Resolved,2024-02-12
1722,210,Resolved,2023-10-21
1723,117,Pending,2023-10-07
1724,616,Pending,2024-08-25
1725,1101,Pending,2024-02-21
1726,315,Pending,2023-05-27
1727,11,Resolved,2024-08-04
1728,1917,Resolved,2024-04-15
1729,1075,Resolved,2023-02-18
1730,1031,Resolved,2023-01-17
1731,1947,Resolved,2023-05-29
1732,955,Pending,2024-07-08
1733,1573,Pending,2023-07-31
1734,261,Resolved,2024-12-16
1735,1598,Resolved,2024-12-17
1736,1536,Resolved,2023-03-04
1737,200,Pending,2024-06-19
1738,330,Resolved,2024-06-28
1739,90,Resolved,2024-12-21
1740,591,Pending,2024-05-01
1741,55,Pending,2024-04-24
1742,1936,Resolved,2024-11-18
1743,1245,Resolved,2023-02-13
1744,92,Resolved,2024-10-26
1745,1610,Pending,2024-03-31
1746,56,Resolved,2024-05-25
1747,1768,Pending,2023-12-21
1748,1203,Resolved,2024-11-30
1749,1988,Resolved,2023-01-12
1750,1966,Pending,2023-12-22
1751,61,Resolved,2023-05-17
1752,1896,Resolved,2024-04-18
1753,117,Resolved,2024-08-20
1754,590,Pending,2023-02-22
1755,236,Resolved,2024-07-26
1756,33,Resolved,2023-04-23
1757,1591,Resolved,2024-09-11
1758,1267,Resolved,2024-04-22
1759,786,Pending,2023-12-01
1760,1932,Resolved,2024-02-21
1761,1098,Resolved,2023-03-08
1762,21,Resolved,2023-11-16
1763,1889,Pending,2024-09-25
1764,1998,Resolved,2023-09-11
1765,1737,Pending,2024-02-05
1766,1178,Resolved,2023-10-27
1767,1278,Resolved,2023-01-05
1768,1231,Resolved,2024-03-21
1769,1173,Resolved,2023-08-23
1770,918,Resolved,2024-03-22
1771,1719,Resolved,2023-02-08
1772,302,Resolved,2023-07-19
1773,297,Pending,2024-11-12
1774,1515,Pending,2023-01-21
1775,773,Resolved,2024-11-17
1776,1068,Resolved,2023-03-15
1777,1168,Pending,2023-05-29
1778,1268,Resolved,2024-09-16
1779,419,Pending,2023-10-11
1780,1541,Resolved,2023-03-27
1781,62,Pending,2023-04-12
1782,858,Resolved,2024-06-14
1783,538,Resolved,2023-03-04
1784,1341,Resolved,2024-09-19
1785,1459,Resolved,2024-11-22
1786,1861,Resolved,2024-07-03
1787,696,Resolved,2024-02-12
1788,818,Resolved,2024-08-26
1789,1405,Resolved,2023-06-22
1790,1060,Resolved,2024-12-17
1791,920,Resolved,2024-06-04
1792,975,Resolved,2024-06-04
1793,542,Resolved,2024-06-16
1794,1605,Resolved,2023-01-24
1795,1256,Pending,2023-04-05
1796,1712,Pending,2024-12-04
1797,790,Resolved,2023-10-23
1798,33,Resolved,2023-06-29
1799,581,Resolved,2023-05-11
1800,352,Resolved,2024-06-16
1801,255,Resolved,2023-01-08
1802,1074,Resolved,2023-07-20
1803,1047,Resolved,2024-01-20
1804,1278,Resolved,2024-06-09
1805,1418,Resolved,2024-07-01
1806,1700,Resolved,2024-02-10
1807,1906,Resolved,2024-01-08
1808,273,Resolved,2023-06-13
1809,693,Resolved,2024-07-10
1810,1883,Resolved,2024-10-17
1811,250,Resolved,2024-06-06
1812,1261,Resolved,2023-12-20
1813,904,Pending,2024-02-13
1814,232,Resolved,2024-05-25
1815,428,Resolved,2023-07-31
1816,957,Resolved,2024-09-16
1817,634,Resolved,2023-12-11
1818,242,Pending,2023-01-11
1819,134,Pending,2023-12-02
1820,1095,Resolved,2023-12-06
1821,1882,Resolved,2024-11-08
1822,1489,Resolved,2023-09-15
1823,1445,Pending,2023-02-23
1824,1334,Pending,2024-08-27
1825,1024,Resolved,2023-10-23
1826,1303,Resolved,2024-07-10
1827,219,Pending,2023-08-05
1828,697,Resolved,2024-12-01
1829,307,Resolved,2024-01-23
1830,314,Resolved,2023-04-17
1831,1427,Resolved,2024-04-17
1832,923,Pending,2023-01-08
1833,1753,Pending,2024-06-27
1834,1512,Resolved,2023-06-17
1835,1817,Resolved,2023-11-27
1836,1429,Resolved,2023-02-06
1837,1403,Resolved,2023-08-19
1838,281,Resolved,2023-07-02
1839,1661,Resolved,2023-10-19
1840,1715,Pending,2024-06-05
1841,1351,Resolved,2023-03-11
1842,35,Resolved,2023-08-25
1843,70,Resolved,2024-04-08
1844,360,Resolved,2023-04-28
1845,1714,Resolved,2024-12-29
1846,1935,Resolved,2023-07-10
1847,408,Resolved,2024-05-20
1848,1585,Resolved,2024-05-18
1849,580,Resolved,2024-02-05
1850,519,Resolved,2023-11-13
1851,606,Resolved,2024-12-18
1852,1408,Resolved,2023-08-10
1853,81,Resolved,2024-10-19
1854,1462,Resolved,2023-07-08
1855,250,Resolved,2023-10-19
1856,1062,Resolved,2023-08-11
1857,1886,Resolved,2024-02-21
1858,45,Resolved,2024-02-11
1859,1383,Resolved,2023-02-07
1860,137,Resolved,2024-03-28
1861,823,Resolved,2023-07-26
1862,979,Pending,2024-02-04
1863,820,Resolved,2023-07-06
1864,1485,Pending,2023-12-26
1865,367,Resolved,2024-08-26
1866,1329,Resolved,2023-01-06
1867,229,Pending,2023-05-13
1868,183,Pending,2024-04-17
1869,467,Resolved,2024-08-26
1870,838,Resolved,2024-05-27
1871,204,Resolved,2023-03-24
1872,975,Pending,2024-11-21
1873,623,Resolved,2024-01-12
1874,1923,Resolved,2023-12-01
1875,1092,Resolved,2024-10-20
1876,869,Resolved,2023-04-12
1877,550,Pending,2023-10-15
1878,1734,Pending,2023-01-31
1879,1329,Resolved,2023-11-10
1880,604,Resolved,2023-06-03
1881,1800,Pending,2024-07-13
1882,755,Resolved,2024-07-06
1883,628,Resolved,2023-06-02
1884,1016,Resolved,2024-11-24
1885,95,Resolved,2023-08-20
1886,1749,Pending,2023-05-01
1887,1270,Resolved,2023-07-04
1888,685,Resolved,2024-03-31
1889,797,Pending,2024-01-23
1890,1103,Resolved,2024-09-23
1891,1457,Resolved,2023-08-14
1892,1304,Pending,2024-09-15
1893,1685,Resolved,2023-07-14
1894,369,Resolved,2023-01-26
1895,279,Resolved,2023-07-13
1896,351,Resolved,2023-01-19
1897,1250,Pending,2024-06-20
1898,1948,Resolved,2024-07-12
1899,1952,Pending,2024-12-11
1900,406,Resolved,2023-09-21
1901,446,Pending,2024-05-29
1902,323,Resolved,2024-04-15
1903,630,Resolved,2023-08-27
1904,73,Pending,2023-10-16
1905,518,Resolved,2024-01-03
1906,1345,Resolved,2024-02-16
1907,22,Pending,2023-01-22
1908,179,Pending,2023-12-20
1909,708,Pending,2024-06-25
1910,1133,Resolved,2024-07-12
1911,1396,Resolved,2024-02-24
1912,1721,Resolved,2023-11-11
1913,1480,Resolved,2023-11-25
1914,1591,Resolved,2024-04-14
1915,1253,Resolved,2024-04-07
1916,938,Resolved,2024-03-15
1917,1019,Resolved,2024-10-25
1918,948,Resolved,2023-09-05
1919,1981,Resolved,2023-06-20
1920,531,Pending,2023-10-06
1921,364,Resolved,2023-05-28
1922,1921,Resolved,2024-09-12
1923,425,Resolved,2023-05-23
1924,959,Resolved,2023-03-12
1925,1240,Resolved,2023-11-07
1926,1072,Resolved,2024-09-29
1927,1489,Resolved,2024-04-11
1928,672,Pending,2024-08-16
1929,1970,Resolved,2023-02-10
1930,1934,Resolved,2023-12-22
1931,1297,Resolved,2023-05-24
1932,1632,Pending,2024-11-13
1933,1054,Resolved,2023-10-06
1934,1657,Pending,2024-04-15
1935,1013,Pending,2024-10-16
1936,879,Resolved,2024-09-30
1937,947,Resolved,2023-02-27
1938,1890,Resolved,2023-06-17
1939,988,Resolved,2024-09-21
1940,1214,Resolved,2023-06-15
1941,152,Pending,2024-01-08
1942,1400,Resolved,2023-03-23
1943,255,Resolved,2023-05-14
1944,703,Resolved,2023-12-30
1945,654,Resolved,2024-04-29
1946,758,Pending,2023-02-15
1947,1058,Resolved,2023-09-19
1948,187,Resolved,2024-04-13
1949,879,Resolved,2024-09-26
1950,1473,Pending,2023-08-10
1951,1110,Resolved,2023-04-02
1952,673,Resolved,2023-01-19
1953,876,Pending,2023-09-27
1954,118,Pending,2024-07-30
1955,1647,Resolved,2024-12-31
1956,1082,Resolved,2024-10-30
1957,1042,Pending,2024-02-19
1958,1903,Pending,2024-10-26
1959,871,Resolved,2023-09-04
1960,1164,Resolved,2024-12-11
1961,458,Resolved,2023-10-29
1962,706,Resolved,2023-01-16
1963,642,Resolved,2024-09-11
1964,966,Resolved,2024-05-17
1965,212,Pending,2024-01-30
1966,486,Resolved,2024-11-26
1967,1820,Pending,2023-07-03
1968,1144,Resolved,2024-03-16
1969,891,Resolved,2024-08-03
1970,1578,Resolved,2023-09-07
1971,1027,Resolved,2024-01-11
1972,1968,Resolved,2024-04-02
1973,1253,Resolved,2024-12-30
1974,1253,Pending,2023-03-29
1975,1002,Resolved,2023-12-12
1976,985,Pending,2024-12-29
1977,343,Pending,2024-01-25
1978,1165,Pending,2023-06-29
1979,1081,Resolved,2024-09-28
1980,1240,Pending,2024-01-11
1981,1667,Resolved,2023-07-02
1982,1138,Pending,2023-11-25
1983,1727,Resolved,2024-05-04
1984,1779,Resolved,2023-07-19
1985,294,Pending,2024-11-26
1986,1851,Resolved,2024-04-23
1987,28,Resolved,2024-03-30
1988,1562,Resolved,2024-03-15
1989,1620,Resolved,2024-08-23
1990,859,Pending,2024-05-13
1991,1345,Resolved,2024-09-21
1992,1866,Pending,2023-06-05
1993,1738,Resolved,2024-04-03
1994,573,Resolved,2024-11-01
1995,1721,Resolved,2023-07-02
1996,1782,Resolved,2024-03-11
1997,1537,Pending,2024-12-14
1998,928,Pending,2024-07-31
1999,1779,Resolved,2023-02-15
2000,1056,Resolved,2023-09-01
2001,1771,Resolved,2023-06-05
2002,1435,Resolved,2024-01-29
2003,397,Pending,2023-09-06
2004,1041,Pending,2024-08-29
2005,1948,Resolved,2023-09-12
2006,601,Pending,2023-12-28
2007,1076,Resolved,2024-12-13
2008,370,Resolved,2024-10-07
2009,164,Pending,2024-01-12
2010,1327,Resolved,2023-06-02
2011,450,Resolved,2023-08-28
2012,1952,Resolved,2024-04-04
2013,544,Resolved,2023-06-01
2014,710,Resolved,2024-03-15
2015,1526,Resolved,2024-08-25
2016,351,Resolved,2023-08-28
2017,379,Resolved,2023-07-02
2018,1463,Resolved,2023-11-06
2019,201,Resolved,2023-09-16
2020,1131,Resolved,2024-04-04
2021,505,Pending,2024-03-06
2022,1012,Pending,2024-05-14
2023,1408,Resolved,2023-03-17
2024,1872,Pending,2023-10-24
2025,1881,Resolved,2023-12-28
2026,1320,Resolved,2023-07-02
2027,1052,Resolved,2023-02-28
2028,337,Resolved,2024-07-05
2029,287,Resolved,2024-07-10
2030,631,Resolved,2024-02-10
2031,1367,Resolved,2024-06-10
2032,1055,Resolved,2023-07-06
2033,666,Resolved,2023-01-25
2034,1796,Resolved,2023-10-26
2035,1511,Resolved,2023-07-11
2036,1643,Resolved,2024-11-21
2037,1275,Resolved,2024-07-26
2038,1387,Pending,2023-05-11
2039,107,Resolved,2024-11-06
2040,506,Resolved,2024-05-18
2041,1466,Resolved,2023-07-26
2042,117,Pending,2023-08-26
2043,1269,Resolved,2023-07-11
2044,79,Resolved,2023-01-28
2045,741,Resolved,2023-04-17
2046,1510,Resolved,2023-08-11
2047,23,Resolved,2024-01-15
2048,1221,Resolved,2024-03-04
2049,361,Resolved,2023-03-25
2050,700,Resolved,2024-05-12
2051,1451,Resolved,2023-08-25
2052,217,Pending,2023-05-29
2053,990,Resolved,2024-09-03
2054,1783,Pending,2023-02-04
2055,1690,Pending,2023-04-07
2056,707,Pending,2023-08-21
2057,628,Pending,2024-02-11
2058,1220,Resolved,2024-06-08
2059,567,Pending,2024-05-03
2060,1711,Resolved,2024-02-08
2061,443,Pending,2023-08-11
2062,1483,Resolved,2024-02-07
2063,459,Resolved,2024-03-26
2064,1508,Pending,2024-08-08
2065,144,Resolved,2023-07-03
2066,314,Pending,2023-10-04
2067,875,Resolved,2024-07-21
2068,729,Resolved,2024-07-22
2069,1281,Resolved,2024-01-21
2070,639,Resolved,2024-05-07
2071,474,Pending,2023-10-22
2072,685,Pending,2023-03-02
2073,606,Pending,2024-11-15
2074,1523,Pending,2024-09-13
2075,902,Resolved,2023-05-26
2076,1243,Resolved,2024-06-09
2077,1588,Resolved,2023-07-02
2078,1555,Resolved,2023-11-11
2079,1382,Resolved,2024-10-20
2080,1261,Resolved,2024-10-13
2081,1707,Resolved,2024-10-21
2082,275,Resolved,2023-02-05
2083,1831,Resolved,2023-02-25
2084,1900,Resolved,2023-02-10
2085,1696,Pending,2024-01-18
2086,752,Resolved,2023-06-18
2087,1601,Resolved,2023-06-20
2088,217,Pending,2024-09-09
2089,1583,Resolved,2024-03-31
2090,1421,Resolved,2024-08-20
2091,1098,Pending,2024-05-05
2092,676,Resolved,2023-10-21
2093,710,Resolved,2024-10-19
2094,923,Resolved,2023-09-21
2095,1352,Resolved,2023-09-04
2096,408,Resolved,2023-05-28
2097,148,Resolved,2024-03-16
2098,1110,Pending,2023-12-28
2099,1545,Resolved,2023-08-10
2100,503,Resolved,2024-10-19
2101,1789,Resolved,2023-04-18
2102,232,Pending,2023-08-03
2103,1912,Resolved,2023-05-10
2104,498,Resolved,2024-07-29
2105,423,Resolved,2023-10-27
2106,1491,Resolved,2024-03-10
2107,247,Resolved,2023-12-28
2108,1394,Resolved,2023-08-12
2109,1537,Resolved,2024-07-30
2110,1803,Resolved,2024-05-01
2111,105,Resolved,2024-07-30
2112,234,Resolved,2024-01-09
2113,1482,Resolved,2024-11-24
2114,1281,Resolved,2023-04-18
2115,475,Pending,2023-12-17
2116,1617,Resolved,2024-02-27
2117,1659,Pending,2024-01-27
2118,1004,Resolved,2024-09-14
2119,1196,Resolved,2023-03-17
2120,1843,Pending,2023-09-07
2121,1297,Resolved,2023-08-29
2122,1895,Resolved,2023-08-14
2123,759,Resolved,2024-04-17
2124,875,Resolved,2024-11-06
2125,1912,Pending,2023-09-20
2126,1218,Resolved,2023-01-15
2127,112,Pending,2023-12-07
2128,23,Pending,2024-10-26
2129,937,Resolved,2024-05-10
2130,1918,Resolved,2024-03-16
2131,315,Resolved,2024-07-03
2132,202,Resolved,2023-02-06
2133,1525,Resolved,2024-09-25
2134,618,Resolved,2023-06-24
2135,606,Resolved,2024-03-11
2136,995,Resolved,2023-10-20
2137,25,Resolved,2023-10-28
2138,657,Resolved,2024-10-15
2139,1532,Resolved,2024-11-04
2140,1390,Pending,2023-12-05
2141,531,Pending,2023-01-23
2142,1746,Resolved,2023-12-16
2143,1618,Pending,2023-03-07
2144,46,Resolved,2024-01-30
2145,1059,Pending,2024-03-08
2146,202,Resolved,2024-07-23
2147,1559,Resolved,2023-01-29
2148,365,Resolved,2023-03-24
2149,470,Resolved,2024-04-20
2150,1324,Pending,2024-03-10
2151,777,Resolved,2024-10-02
2152,416,Resolved,2023-05-13
2153,1370,Resolved,2023-04-25
2154,1373,Resolved,2023-02-03
2155,699,Resolved,2024-09-28
2156,810,Pending,2023-03-19
2157,190,Resolved,2023-10-02
2158,1427,Resolved,2023-12-10
2159,1776,Pending,2024-11-10
2160,349,Resolved,2023-03-22
2161,373,Resolved,2024-08-29
2162,1663,Resolved,2024-12-21
2163,1529,Resolved,2023-03-13
2164,1315,Resolved,2023-05-25
2165,1996,Resolved,2023-02-07
2166,1928,Resolved,2024-04-18
2167,985,Pending,2023-06-20
2168,987,Resolved,2023-02-09
2169,111,Pending,2023-06-22
2170,1579,Resolved,2024-02-28
2171,1527,Resolved,2023-07-18
2172,1325,Resolved,2023-08-10
2173,646,Resolved,2024-08-24
2174,1037,Resolved,2024-11-05
2175,523,Resolved,2024-03-25
2176,1126,Pending,2024-03-03
2177,1990,Resolved,2024-03-23
2178,197,Resolved,2024-10-06
2179,1415,Resolved,2024-03-07
2180,55,Pending,2023-11-18
2181,183,Resolved,2023-06-01
2182,1043,Resolved,2023-02-14
2183,363,Pending,2023-11-20
2184,1798,Pending,2024-02-16
2185,473,Resolved,2023-09-18
2186,9,Resolved,2023-08-07
2187,660,Resolved,2024-09-11
2188,25,Pending,2023-02-16
2189,1330,Resolved,2024-10-06
2190,1608,Resolved,2024-11-18
2191,1458,Resolved,2024-09-24
2192,1446,Resolved,2023-10-30
2193,1858,Resolved,2023-07-09
2194,1081,Resolved,2024-11-19
2195,1558,Resolved,2024-07-30
2196,824,Pending,2023-12-02
2197,1572,Pending,2023-08-08
2198,1203,Pending,2024-10-21
2199,68,Pending,2024-09-03
2200,1520,Resolved,2023-04-29
2201,1025,Resolved,2024-09-12
2202,48,Resolved,2023-03-23
2203,1441,Resolved,2023-01-13
2204,1688,Resolved,2024-04-22
2205,945,Resolved,2023-10-26
2206,1221,Pending,2023-04-02
2207,1594,Resolved,2024-11-26
2208,1072,Resolved,2024-11-20
2209,1977,Resolved,2024-12-22
2210,1984,Pending,2023-10-03
2211,355,Pending,2023-10-31
2212,1258,Resolved,2023-09-30
2213,1010,Resolved,2024-02-16
2214,437,Resolved,2023-02-05
2215,700,Pending,2024-02-26
2216,1918,Resolved,2024-04-22
2217,626,Pending,2024-05-16
2218,90,Resolved,2023-12-04
2219,369,Resolved,2024-08-04
2220,939,Resolved,2024-09-19
2221,1193,Pending,2024-02-14
2222,1387,Pending,2024-04-07
2223,1946,Pending,2024-05-27
2224,955,Resolved,2023-03-22
2225,1897,Resolved,2024-04-23
2226,1201,Pending,2024-01-21
2227,500,Resolved,2024-02-24
2228,704,Pending,2024-03-15
2229,133,Resolved,2023-02-04
2230,172,Pending,2024-05-15
2231,1554,Pending,2024-12-07
2232,763,Resolved,2023-07-03
2233,441,Resolved,2024-07-11
2234,985,Resolved,2023-05-28
2235,112,Resolved,2023-09-21
2236,1064,Resolved,2024-08-27
2237,102,Resolved,2024-05-03
2238,1393,Resolved,2024-09-17
2239,1198,Resolved,2023-10-09
2240,1850,Pending,2024-09-06
2241,341,Resolved,2023-07-21
2242,920,Pending,2024-07-27
2243,1948,Resolved,2024-08-28
2244,814,Pending,2024-02-21
2245,196,Resolved,2023-11-13
2246,1608,Resolved,2023-08-16
2247,1206,Resolved,2023-03-09
2248,1777,Pending,2024-04-24
2249,1825,Resolved,2024-11-07
2250,1347,Resolved,2023-04-11
2251,1137,Pending,2023-08-31
2252,1876,Resolved,2023-03-31
2253,1699,Resolved,2024-08-22
2254,1575,Resolved,2023-05-07
2255,1259,Resolved,2024-09-10
2256,505,Resolved,2024-02-03
2257,1967,Resolved,2023-10-29
2258,1095,Resolved,2024-05-08
2259,219,Resolved,2024-11-27
2260,1541,Resolved,2024-02-25
2261,1777,Pending,2024-09-04
2262,165,Pending,2023-05-22
2263,1537,Resolved,2023-09-10
2264,381,Pending,2023-03-14
2265,1208,Pending,2023-08-02
2266,1927,Resolved,2024-01-14
2267,369,Pending,2023-10-26
2268,1472,Resolved,2024-01-14
2269,8,Pending,2024-05-06
2270,1644,Resolved,2024-11-14
2271,1406,Resolved,2023-10-31
2272,1406,Pending,2024-05-12
2273,448,Resolved,2023-08-25
2274,1721,Resolved,2023-08-18
2275,1820,Resolved,2023-01-07
2276,1178,Pending,2024-12-07
2277,34,Pending,2023-09-13
2278,497,Resolved,2023-06-20
2279,864,Resolved,2024-07-05
2280,22,Resolved,2023-10-15
2281,1404,Resolved,2023-08-22
2282,1172,Pending,2024-11-25
2283,1934,Pending,2024-05-07
2284,663,Resolved,2023-07-30
2285,1603,Pending,2024-01-02
2286,1939,Pending,2023-08-17
2287,590,Resolved,2023-12-11
2288,1768,Resolved,2023-03-18
2289,1575,Resolved,2024-04-04
2290,677,Resolved,2023-09-22
2291,1123,Pending,2024-05-18
2292,1665,Resolved,2024-10-10
2293,1555,Pending,2024-07-29
2294,271,Resolved,2023-09-02
2295,1,Pending,2024-03-04
2296,287,Resolved,2023-04-01
2297,1204,Resolved,2024-03-20
2298,939,Resolved,2023-08-21
2299,1280,Pending,2024-03-29
2300,1198,Pending,2023-12-15
2301,854,Resolved,2023-04-04
2302,50,Resolved,2024-02-26
2303,1556,Resolved,2024-12-15
2304,617,Pending,2024-05-04
2305,190,Resolved,2024-11-16
2306,1775,Resolved,2023-05-04
2307,1067,Resolved,2024-08-04
2308,1541,Resolved,2024-09-06
2309,1999,Resolved,2023-08-21
2310,760,Pending,2023-03-05
2311,66,Pending,2024-08-29
2312,396,Pending,2023-06-12
2313,1275,Resolved,2023-10-31
2314,128,Resolved,2023-11-15
2315,697,Pending,2024-11-15
2316,188,Resolved,2023-01-06
2317,1207,Resolved,2023-10-28
2318,1607,Resolved,2023-04-11
2319,578,Resolved,2024-02-20
2320,1992,Resolved,2023-12-26
2321,841,Pending,2023-05-11
2322,762,Pending,2024-01-21
2323,667,Resolved,2023-01-20
2324,1436,Resolved,2024-12-23
2325,933,Resolved,2023-10-22
2326,79,Resolved,2024-01-31
2327,1043,Pending,2024-03-20
2328,1502,Resolved,2023-10-19
2329,1971,Resolved,2024-05-04
2330,1805,Resolved,2023-12-14
2331,45,Pending,2023-09-22
2332,1798,Resolved,2023-02-13
2333,1246,Resolved,2023-03-16
2334,129,Resolved,2023-02-22
2335,618,Resolved,2023-10-13
2336,763,Resolved,2023-03-07
2337,1657,Pending,2023-02-07
2338,1254,Resolved,2024-02-21
2339,793,Resolved,2024-12-11
2340,1251,Pending,2024-04-13
2341,1946,Resolved,2023-02-24
2342,397,Pending,2023-04-26
2343,275,Pending,2024-08-19
2344,138,Resolved,2023-10-06
2345,1197,Pending,2024-03-29
2346,1351,Resolved,2023-05-22
2347,783,Resolved,2024-08-30
2348,215,Pending,2023-02-18
2349,228,Pending,2024-01-04
2350,107,Resolved,2024-01-05
2351,159,Resolved,2023-10-28
2352,1918,Resolved,2024-12-17
2353,1160,Pending,2023-12-18
2354,1787,Pending,2023-07-14
2355,30,Resolved,2023-11-01
2356,1122,Resolved,2023-09-07
2357,609,Pending,2023-09-15
2358,769,Resolved,2024-03-25
2359,784,Resolved,2023-02-28
2360,882,Resolved,2023-08-09
2361,1547,Resolved,2024-07-25
2362,923,Pending,2024-06-17
2363,342,Pending,2023-12-28
2364,168,Resolved,2023-02-22
2365,1235,Pending,2024-07-14
2366,684,Resolved,2024-06-12
2367,1862,Pending,2024-05-12
2368,632,Resolved,2024-09-30
2369,1209,Pending,2023-06-04
2370,432,Resolved,2024-05-04
2371,1448,Resolved,2023-03-19
2372,39,Pending,2023-06-23
2373,980,Resolved,2024-09-09
2374,387,Pending,2023-11-16
2375,1975,Resolved,2023-02-01
2376,769,Resolved,2023-10-19
2377,791,Pending,2024-06-05
2378,742,Resolved,2023-11-11
2379,1475,Resolved,2024-09-05
2380,1982,Resolved,2024-09-21
2381,1139,Resolved,2024-10-30
2382,1954,Resolved,2023-09-24
2383,401,Resolved,2024-02-26
2384,1328,Resolved,2023-09-02
2385,1627,Resolved,2024-08-13
2386,1333,Pending,2024-11-02
2387,1597,Resolved,2023-04-01
2388,1127,Resolved,2024-03-11
2389,1751,Resolved,2024-10-02
2390,102,Resolved,2024-05-03
2391,1931,Resolved,2023-01-14
2392,655,Resolved,2023-10-13
2393,1114,Pending,2024-11-01
2394,1142,Pending,2024-10-02
2395,1163,Resolved,2024-11-16
2396,903,Resolved,2024-02-02
2397,1327,Resolved,2024-11-16
2398,752,Resolved,2024-03-02
2399,1672,Pending,2023-12-27
2400,1541,Pending,2023-02-12
2401,1233,Resolved,2023-10-21
2402,87,Pending,2023-12-11
2403,1986,Pending,2024-09-12
2404,859,Resolved,2023-08-30
2405,319,Resolved,2023-02-24
2406,1813,Pending,2024-07-20
2407,967,Resolved,2024-12-28
2408,887,Pending,2024-03-17
2409,633,Resolved,2023-04-17
2410,1269,Resolved,2023-11-09
2411,1894,Resolved,2023-07-03
2412,1114,Resolved,2023-05-10
2413,1502,Resolved,2024-05-13
2414,652,Pending,2024-09-27
2415,1136,Pending,2024-02-22
2416,1931,Pending,2023-02-18
2417,950,Resolved,2023-11-16
2418,1418,Resolved,2023-09-10
2419,1911,Resolved,2024-01-27
2420,240,Resolved,2023-03-10
2421,1296,Resolved,2024-03-17
2422,143,Resolved,2024-04-21
2423,954,Resolved,2024-01-12
2424,1743,Resolved,2024-07-17
2425,119,Resolved,2024-06-28
2426,596,Resolved,2024-06-15
2427,1924,Pending,2023-07-06
2428,1275,Pending,2024-11-30
2429,1302,Resolved,2024-12-03
2430,163,Pending,2023-04-22
2431,654,Resolved,2023-07-03
2432,350,Resolved,2023-10-20
2433,31,Resolved,2023-12-27
2434,458,Pending,2024-05-16
2435,1862,Resolved,2023-11-03
2436,91,Resolved,2024-10-10
2437,128,Resolved,2023-03-27
2438,779,Resolved,2023-10-23
2439,1572,Resolved,2024-03-27
2440,970,Pending,2023-06-20
2441,848,Pending,2023-12-22
2442,792,Pending,2024-04-04
2443,1749,Pending,2023-10-06
2444,509,Resolved,2023-09-09
2445,936,Resolved,2023-01-08
2446,745,Resolved,2024-08-08
2447,740,Resolved,2023-11-16
2448,1905,Resolved,2023-05-31
2449,1834,Pending,2024-08-27
2450,237,Resolved,2024-01-11
2451,1557,Pending,2023-12-31
2452,1632,Resolved,2024-08-30
2453,1013,Resolved,2024-03-15
2454,977,Resolved,2023-05-22
2455,1023,Resolved,2024-08-14
2456,1075,Resolved,2023-01-20
2457,1873,Resolved,2023-01-12
2458,1847,Resolved,2024-09-27
2459,469,Resolved,2023-05-02
2460,1916,Pending,2024-02-29
2461,388,Resolved,2023-08-17
2462,1086,Pending,2024-08-19
2463,1367,Resolved,2023-01-29
2464,1177,Resolved,2023-05-15
2465,736,Pending,2024-07-05
2466,1990,Pending,2023-04-11
2467,654,Pending,2024-01-11
2468,41,Resolved,2024-10-07
2469,1510,Resolved,2023-11-07
2470,953,Resolved,2024-03-15
2471,1702,Resolved,2024-11-23
2472,1726,Pending,2024-04-01
2473,809,Resolved,2023-07-19
2474,1581,Resolved,2024-12-21
2475,1744,Resolved,2024-08-22
2476,382,Pending,2023-05-05
2477,96,Resolved,2024-04-15
2478,912,Pending,2023-01-22
2479,787,Resolved,2023-02-19
2480,293,Pending,2024-12-26
2481,1259,Resolved,2024-07-13
2482,341,Pending,2023-03-07
2483,719,Resolved,2023-05-10
2484,957,Pending,2023-10-29
2485,538,Resolved,2023-11-23
2486,1374,Resolved,2024-01-19
2487,872,Resolved,2024-06-21
2488,1231,Pending,2024-12-03
2489,960,Resolved,2023-02-18
2490,1515,Resolved,2023-11-15
2491,381,Resolved,2023-01-21
2492,1165,Resolved,2024-03-08
2493,859,Resolved,2024-08-13
2494,599,Resolved,2024-08-14
2495,930,Resolved,2023-01-09
2496,1915,Resolved,2023-05-29
2497,1634,Resolved,2024-03-12
2498,1047,Resolved,2024-05-13
2499,762,Resolved,2023-02-24
2500,364,Resolved,2023-10-24
2501,1786,Resolved,2024-06-01
2502,1172,Pending,2024-12-04
2503,566,Resolved,2023-08-17
2504,969,Pending,2023-09-04
2505,1978,Resolved,2023-10-09
2506,827,Pending,2023-09-14
2507,1940,Resolved,2023-04-03
2508,1575,Resolved,2023-08-02
2509,505,Resolved,2024-07-06
2510,1870,Pending,2024-10-29
2511,218,Resolved,2023-05-13
2512,1883,Resolved,2024-05-11
2513,482,Resolved,2023-03-27
2514,1440,Pending,2024-08-18
2515,937,Pending,2024-01-31
2516,749,Resolved,2024-06-30
2517,1349,Pending,2023-09-06
2518,836,Resolved,2024-09-28
2519,1879,Pending,2024-07-17
2520,1813,Resolved,2023-10-16
2521,1761,Resolved,2024-02-13
2522,489,Resolved,2023-11-05
2523,1432,Pending,2023-03-02
2524,1168,Pending,2024-05-18
2525,800,Pending,2024-06-10
2526,211,Resolved,2023-11-07
2527,666,Resolved,2024-11-23
2528,259,Resolved,2023-07-19
2529,1251,Pending,2023-12-19
2530,1618,Pending,2023-03-16
2531,1913,Resolved,2023-09-28
2532,372,Resolved,2023-01-21
2533,1415,Pending,2023-02-05
2534,992,Resolved,2023-07-17
2535,88,Resolved,2023-06-02
2536,400,Resolved,2023-02-13
2537,309,Resolved,2024-10-02
2538,4,Pending,2024-07-07
2539,1197,Pending,2024-06-28
2540,1568,Resolved,2024-05-24
2541,1770,Resolved,2024-02-20
2542,226,Resolved,2024-02-13
2543,339,Pending,2023-10-23
2544,1230,Resolved,2024-09-18
2545,1126,Resolved,2023-07-22
2546,58,Pending,2024-07-29
2547,1805,Pending,2024-01-03
2548,1174,Pending,2024-03-01
2549,1276,Pending,2023-07-29
2550,1503,Resolved,2024-08-20
2551,556,Pending,2024-04-04
2552,1452,Resolved,2023-12-28
2553,1566,Resolved,2024-04-20
2554,919,Resolved,2023-10-31
2555,524,Resolved,2023-07-04
2556,1515,Resolved,2023-09-22
2557,526,Pending,2024-02-18
2558,1316,Resolved,2024-02-06
2559,1069,Pending,2023-06-22
2560,1224,Resolved,2024-12-28
2561,24,Resolved,2023-03-24
2562,763,Resolved,2024-08-12
2563,1655,Pending,2023-11-18
2564,1411,Resolved,2023-12-12
2565,1614,Pending,2023-03-13
2566,1459,Pending,2024-03-26
2567,242,Pending,2024-10-14
2568,203,Resolved,2023-07-27
2569,237,Resolved,2023-12-08
2570,951,Pending,2023-02-02
2571,1022,Resolved,2024-01-17
2572,294,Resolved,2024-01-21
2573,1372,Resolved,2023-04-19
2574,1111,Pending,2023-06-11
2575,210,Resolved,2023-01-16
2576,788,Resolved,2023-01-14
2577,1633,Resolved,2023-09-03
2578,1026,Pending,2023-02-15
2579,229,Resolved,2024-09-16
2580,410,Resolved,2024-07-08
2581,1267,Resolved,2024-02-06
2582,770,Resolved,2023-02-17
2583,963,Resolved,2024-12-04
2584,1492,Resolved,2024-02-14
2585,458,Resolved,2024-12-14
2586,554,Resolved,2024-03-29
2587,213,Resolved,2023-05-22
2588,1832,Pending,2024-03-25
2589,1929,Resolved,2023-07-08
2590,386,Resolved,2024-12-31
2591,1436,Resolved,2024-04-01
2592,1539,Resolved,2023-04-26
2593,528,Pending,2024-05-28
2594,1412,Pending,2023-01-13
2595,1303,Resolved,2023-10-04
2596,990,Pending,2023-09-09
2597,102,Pending,2023-08-16
2598,1613,Resolved,2023-05-26
2599,390,Resolved,2023-08-05
2600,1226,Resolved,2023-10-21
2601,1591,Pending,2023-10-08
2602,1745,Resolved,2023-06-15
2603,1416,Resolved,2023-05-23
2604,841,Pending,2024-05-12
2605,1378,Resolved,2024-04-28
2606,1617,Resolved,2024-02-17
2607,1780,Resolved,2023-04-07
2608,235,Resolved,2024-12-04
2609,114,Resolved,2023-10-15
2610,982,Resolved,2024-07-08
2611,1984,Resolved,2023-09-26
2612,1091,Pending,2023-07-28
2613,809,Resolved,2024-06-20
2614,1064,Resolved,2023-11-01
2615,1757,Resolved,2023-03-29
2616,103,Pending,2023-04-30
2617,411,Pending,2023-08-13
2618,1319,Resolved,2023-05-16
2619,1589,Resolved,2024-12-23
2620,808,Pending,2024-01-17
2621,1588,Resolved,2023-01-11
2622,1061,Resolved,2024-03-14
2623,67,Resolved,2023-01-10
2624,403,Pending,2023-11-11
2625,1698,Pending,2023-03-06
2626,206,Resolved,2024-08-14
2627,341,Resolved,2024-04-12
2628,1858,Pending,2024-08-26
2629,1930,Resolved,2024-10-06
2630,1076,Resolved,2024-09-15
2631,426,Resolved,2023-07-14
2632,956,Resolved,2024-02-18
2633,209,Pending,2024-08-21
2634,1538,Resolved,2024-11-04
2635,1665,Resolved,2023-01-01
2636,1202,Resolved,2024-01-03
2637,676,Pending,2024-09-22
2638,1889,Pending,2024-01-11
2639,1046,Resolved,2023-07-10
2640,369,Pending,2023-10-17
2641,1763,Resolved,2024-09-19
2642,994,Pending,2023-07-18
2643,82,Resolved,2023-08-23
2644,1188,Resolved,2023-08-18
2645,377,Resolved,2023-08-14
2646,3,Resolved,2024-03-05
2647,684,Pending,2023-07-15
2648,1142,Pending,2024-04-11
2649,1680,Resolved,2024-03-16
2650,764,Resolved,2023-06-06
2651,1419,Pending,2024-04-26
2652,266,Resolved,2023-12-20
2653,435,Resolved,2024-11-15
2654,682,Pending,2024-06-16
2655,725,Resolved,2024-05-22
2656,793,Resolved,2024-02-09
2657,1251,Resolved,2024-11-30
2658,376,Resolved,2023-10-16
2659,1286,Pending,2024-11-09
2660,366,Resolved,2024-12-02
2661,767,Resolved,2023-03-31
2662,428,Resolved,2024-01-17
2663,1032,Resolved,2023-10-28
2664,1954,Resolved,2024-03-17
2665,1065,Pending,2024-05-16
2666,1902,Resolved,2024-08-07
2667,1281,Pending,2024-08-16
2668,643,Resolved,2024-01-20
2669,564,Resolved,2024-06-06
2670,1126,Pending,2024-05-16
2671,1243,Resolved,2023-09-06
2672,244,Resolved,2024-11-02
2673,845,Resolved,2024-09-10
2674,939,Resolved,2023-04-01
2675,303,Pending,2024-12-16
2676,370,Resolved,2024-01-29
2677,851,Pending,2023-12-24
2678,275,Resolved,2023-05-29
2679,70,Resolved,2024-04-19
2680,47,Pending,2024-11-08
2681,117,Pending,2024-09-19
2682,1614,Pending,2024-03-17
2683,517,Resolved,2023-01-08
2684,1278,Resolved,2023-08-17
2685,832,Resolved,2023-03-11
2686,619,Resolved,2024-12-03
2687,756,Resolved,2024-11-04
2688,1197,Pending,2024-11-19
2689,960,Pending,2023-02-09
2690,1453,Resolved,2023-01-29
2691,36,Resolved,2024-06-04
2692,905,Pending,2023-10-04
2693,407,Resolved,2023-10-15
2694,1440,Resolved,2024-08-06
2695,1709,Resolved,2023-07-02
2696,412,Resolved,2024-06-05
2697,488,Resolved,2024-11-19
2698,1716,Resolved,2024-08-21
2699,779,Resolved,2023-03-25
2700,1791,Resolved,2024-02-01
2701,1939,Resolved,2023-03-27
2702,832,Resolved,2023-10-24
2703,1345,Pending,2024-12-19
2704,1097,Resolved,2023-10-14
2705,1593,Resolved,2023-04-19
2706,1602,Pending,2024-06-27
2707,644,Resolved,2023-01-13
2708,413,Resolved,2024-01-12
2709,1796,Pending,2024-02-13
2710,124,Resolved,2024-12-25
2711,1409,Pending,2024-09-21
2712,1628,Pending,2024-09-09
2713,1810,Resolved,2023-01-15
2714,1006,Resolved,2024-12-25
2715,653,Resolved,2023-07-07
2716,232,Resolved,2023-08-22
2717,1606,Pending,2024-04-02
2718,433,Resolved,2024-12-25
2719,491,Resolved,2023-05-25
2720,1711,Resolved,2024-05-31
2721,1895,Resolved,2023-05-21
2722,86,Resolved,2024-06-16
2723,1789,Resolved,2024-09-20
2724,1054,Pending,2023-04-25
2725,1691,Resolved,2023-02-13
2726,1224,Resolved,2023-07-23
2727,875,Resolved,2024-04-17
2728,156,Resolved,2023-11-05
2729,757,Resolved,2023-11-18
2730,898,Resolved,2024-02-09
2731,532,Resolved,2023-12-27
2732,1739,Resolved,2023-05-06
2733,1870,Resolved,2023-04-30
2734,152,Pending,2023-08-02
2735,1101,Resolved,2023-11-07
2736,1352,Pending,2024-10-03
2737,172,Resolved,2024-08-28
2738,1429,Pending,2023-03-06
2739,1430,Resolved,2024-01-01
2740,1865,Resolved,2023-07-24
2741,762,Pending,2023-07-06
2742,1722,Pending,2024-12-24
2743,1386,Pending,2024-12-03
2744,1152,Resolved,2023-09-18
2745,1899,Resolved,2023-03-31
2746,1547,Resolved,2024-01-28
2747,1360,Resolved,2023-05-30
2748,1778,Pending,2024-02-16
2749,693,Resolved,2024-03-19
2750,1289,Resolved,2023-05-20
2751,195,Resolved,2023-10-20
2752,1782,Resolved,2024-04-10
2753,100,Resolved,2024-09-22
2754,1588,Resolved,2023-09-04
2755,1395,Resolved,2023-04-08
2756,1002,Resolved,2023-06-19
2757,909,Resolved,2023-11-06
2758,1921,Resolved,2024-03-01
2759,428,Pending,2023-03-08
2760,587,Resolved,2023-02-25
2761,920,Resolved,2024-07-11
2762,1157,Resolved,2024-05-31
2763,256,Pending,2024-07-21
2764,1474,Resolved,2023-05-31
2765,721,Pending,2023-11-14
2766,404,Resolved,2023-05-21
2767,960,Resolved,2023-11-11
2768,1679,Resolved,2023-01-06
2769,580,Resolved,2023-07-08
2770,1078,Resolved,2023-11-13
2771,1803,Resolved,2024-12-31
2772,407,Resolved,2024-11-15
2773,1409,Resolved,2024-08-27
2774,1962,Resolved,2024-06-07
2775,242,Pending,2023-06-12
2776,47,Resolved,2024-01-03
2777,115,Resolved,2024-05-31
2778,1017,Resolved,2023-03-07
2779,1732,Resolved,2024-12-15
2780,806,Pending,2023-11-20
2781,130,Resolved,2023-07-12
2782,1581,Resolved,2023-12-31
2783,1179,Resolved,2024-01-05
2784,994,Resolved,2023-12-02
2785,1997,Pending,2024-07-31
2786,495,Resolved,2024-11-11
2787,1853,Pending,2024-10-28
2788,82,Pending,2024-08-10
2789,1803,Pending,2023-05-13
2790,965,Resolved,2023-05-21
2791,669,Resolved,2023-12-02
2792,1049,Resolved,2024-05-13
2793,1358,Pending,2024-10-10
2794,1206,Resolved,2023-06-25
2795,1456,Pending,2023-02-05
2796,1198,Pending,2023-05-23
2797,809,Pending,2024-10-10
2798,1065,Resolved,2024-06-11
2799,445,Resolved,2024-05-18
2800,869,Resolved,2023-01-06
2801,1419,Resolved,2024-08-06
2802,1964,Pending,2024-11-03
2803,1312,Pending,2023-08-12
2804,561,Resolved,2023-12-22
2805,1286,Resolved,2023-02-05
2806,1780,Resolved,2024-06-29
2807,57,Resolved,2024-06-08
2808,6,Resolved,2024-12-14
2809,1583,Resolved,2023-02-26
2810,1599,Pending,2023-01-07
2811,945,Pending,2024-03-18
2812,1942,Resolved,2023-11-11
2813,579,Resolved,2023-04-21
2814,915,Resolved,2023-04-26
2815,1719,Pending,2023-11-03
2816,162,Resolved,2024-10-28
2817,1321,Resolved,2024-12-18
2818,1641,Resolved,2023-11-06
2819,775,Resolved,2023-04-04
2820,57,Pending,2023-07-11
2821,528,Pending,2023-10-06
2822,1083,Resolved,2024-07-13
2823,1190,Pending,2023-02-24
2824,1929,Resolved,2023-01-17
2825,1786,Resolved,2023-12-01
2826,1997,Pending,2023-03-03
2827,546,Resolved,2024-09-28
2828,46,Resolved,2024-07-26
2829,933,Pending,2024-07-09
2830,811,Resolved,2023-11-23
2831,47,Resolved,2023-05-08
2832,1414,Resolved,2024-05-14
2833,252,Resolved,2023-09-16
2834,166,Resolved,2024-12-13
2835,368,Resolved,2024-09-15
2836,1403,Resolved,2024-02-14
2837,1341,Pending,2023-05-23
2838,1156,Pending,2024-02-01
2839,1413,Resolved,2024-12-19
2840,582,Pending,2023-12-25
2841,572,Resolved,2024-10-13
2842,1741,Pending,2023-11-15
2843,1774,Pending,2024-10-09
2844,1880,Resolved,2024-12-12
2845,348,Resolved,2023-10-05
2846,845,Pending,2024-10-13
2847,618,Resolved,2024-10-23
2848,497,Resolved,2023-04-01
2849,696,Resolved,2024-11-28
2850,1874,Resolved,2023-03-23
2851,1979,Resolved,2023-01-19
2852,511,Resolved,2024-01-14
2853,1543,Resolved,2024-10-06
2854,452,Resolved,2024-01-04
2855,543,Resolved,2024-11-11
2856,216,Pending,2024-04-02
2857,470,Pending,2023-01-19
2858,853,Resolved,2023-09-10
2859,304,Pending,2023-12-30
2860,298,Pending,2023-07-12
2861,1370,Pending,2023-10-05
2862,286,Pending,2024-10-18
2863,1909,Pending,2023-02-04
2864,1012,Resolved,2024-11-09
2865,126,Resolved,2023-09-01
2866,51,Resolved,2024-08-07
2867,1443,Resolved,2024-10-06
2868,1726,Pending,2023-03-14
2869,1075,Resolved,2024-09-18
2870,471,Pending,2023-09-24
2871,1400,Pending,2023-11-30
2872,1389,Resolved,2024-09-13
2873,1256,Resolved,2023-06-17
2874,1714,Resolved,2024-12-28
2875,670,Resolved,2023-12-06
2876,1683,Pending,2023-04-07
2877,1504,Pending,2024-08-14
2878,1330,Resolved,2024-12-29
2879,438,Resolved,2024-11-28
2880,1275,Resolved,2023-03-05
2881,851,Resolved,2024-08-01
2882,342,Pending,2023-04-06
2883,1156,Resolved,2024-06-29
2884,749,Resolved,2024-01-04
2885,524,Resolved,2023-12-11
2886,655,Resolved,2024-03-17
2887,506,Resolved,2024-03-26
2888,399,Resolved,2023-08-22
2889,906,Resolved,2024-11-05
2890,1142,Resolved,2023-06-06
2891,61,Resolved,2023-01-28
2892,1939,Resolved,2024-04-16
2893,1205,Pending,2024-08-03
2894,1992,Pending,2024-04-02
2895,313,Resolved,2023-12-04
2896,265,Pending,2024-02-26
2897,1053,Pending,2024-01-10
2898,1287,Resolved,2024-10-10
2899,712,Pending,2024-09-15
2900,1641,Resolved,2023-10-26
2901,913,Pending,2023-01-25
2902,1615,Resolved,2024-08-28
2903,1680,Pending,2023-03-07
2904,1735,Resolved,2024-06-12
2905,1642,Resolved,2024-09-12
2906,339,Resolved,2024-01-26
2907,1446,Resolved,2023-10-05
2908,89,Resolved,2023-01-10
2909,332,Resolved,2023-12-12
2910,1455,Resolved,2023-05-21
2911,1802,Resolved,2023-01-28
2912,1787,Resolved,2023-04-10
2913,152,Resolved,2023-07-06
2914,1842,Resolved,2024-01-28
2915,708,Resolved,2024-12-20
2916,126,Resolved,2023-11-07
2917,1067,Resolved,2023-09-18
2918,421,Resolved,2023-03-10
2919,1709,Resolved,2023-02-07
2920,1514,Resolved,2023-03-07
2921,1590,Resolved,2024-04-19
2922,253,Resolved,2024-05-08
2923,999,Resolved,2024-04-11
2924,1835,Resolved,2023-03-05
2925,1732,Pending,2024-10-26
2926,1508,Pending,2023-06-29
2927,293,Pending,2024-11-08
2928,1241,Resolved,2023-04-09
2929,169,Resolved,2024-06-20
2930,734,Pending,2023-10-31
2931,1664,Resolved,2023-03-14
2932,1409,Resolved,2024-06-30
2933,1885,Resolved,2023-05-23
2934,16,Resolved,2023-08-02
2935,37,Resolved,2024-12-17
2936,1445,Pending,2023-11-01
2937,1927,Pending,2024-02-18
2938,296,Resolved,2024-12-29
2939,435,Pending,2023-12-11
2940,320,Resolved,2024-08-20
2941,1761,Resolved,2024-05-08
2942,1650,Resolved,2024-11-11
2943,534,Resolved,2023-05-05
2944,1323,Resolved,2024-02-12
2945,574,Resolved,2023-08-24
2946,1718,Resolved,2024-10-18
2947,923,Resolved,2024-09-08
2948,1821,Pending,2023-12-10
2949,1040,Pending,2024-10-07
2950,981,Resolved,2024-06-04
2951,395,Resolved,2024-06-10
2952,277,Pending,2023-03-05
2953,649,Pending,2024-11-20
2954,283,Resolved,2024-05-16
2955,1663,Resolved,2024-09-27
2956,999,Resolved,2023-01-11
2957,86,Resolved,2024-08-29
2958,207,Pending,2024-09-23
2959,1899,Resolved,2024-03-05
2960,1687,Pending,2023-10-28
2961,563,Resolved,2023-09-03
2962,477,Resolved,2024-08-11
2963,1767,Resolved,2023-04-04
2964,592,Resolved,2023-11-11
2965,131,Resolved,2023-06-02
2966,400,Resolved,2023-08-28
2967,136,Pending,2023-05-20
2968,1370,Resolved,2024-08-19
2969,170,Resolved,2023-08-04
2970,969,Resolved,2024-01-05
2971,1187,Resolved,2023-10-20
2972,199,Resolved,2023-08-29
2973,1992,Resolved,2024-06-18
2974,739,Resolved,2023-11-17
2975,1072,Pending,2023-02-14
2976,1846,Resolved,2024-08-08
2977,765,Resolved,2024-09-05
2978,1518,Resolved,2023-10-11
2979,103,Resolved,2024-08-06
2980,548,Resolved,2024-07-06
2981,6,Resolved,2023-07-31
2982,711,Resolved,2024-11-02
2983,12,Resolved,2023-03-28
2984,103,Pending,2023-01-07
2985,699,Resolved,2024-04-03
2986,1857,Resolved,2023-07-02
2987,1714,Resolved,2023-11-24
2988,427,Resolved,2023-10-26
2989,171,Resolved,2024-02-02
2990,1713,Resolved,2023-01-14
2991,89,Pending,2023-04-10
2992,716,Resolved,2023-06-18
2993,1463,Resolved,2023-08-20
2994,1371,Resolved,2023-04-21
2995,855,Resolved,2023-12-13
2996,1235,Resolved,2023-12-06
2997,1749,Pending,2024-09-05
2998,1458,Pending,2024-12-29
2999,1557,Pending,2023-08-28
3000,600,Resolved,2023-08-28
